strategy_name,signal_month,return_month,hsi_state,monthly_return,monthly_return_pct,growth_index,cumulative_return,cumulative_return_pct,drawdown,drawdown_pct
EW_1_3,,2012-08,benchmark,0.24376666666666666,24.376666666666665,1.2437666666666667,0.2437666666666667,24.37666666666667,0.0,0.0
EW_1_3,,2012-09,benchmark,1.7588666666666668,175.88666666666668,3.431386397777778,2.431386397777778,243.1386397777778,0.0,0.0
EW_1_3,,2012-10,benchmark,-1.3575,-135.75,-1.2267206372055555,-2.2267206372055552,-222.6720637205555,-1.3575,-135.75
EW_1_3,,2012-11,benchmark,0.6960000000000001,69.60000000000001,-2.0805182007006224,-3.0805182007006224,-308.05182007006226,-1.60632,-160.632
EW_1_3,,2012-12,benchmark,1.5110666666666666,151.10666666666665,-5.224319903172642,-6.224319903172642,-622.4319903172642,-2.522509941333333,-252.2509941333333
EW_1_3,,2013-01,benchmark,-0.5105666666666667,-51.05666666666667,-2.556956304609463,-3.556956304609463,-355.6956304609463,-1.745167115619911,-174.5167115619911
EW_1_3,,2013-02,benchmark,1.5983999999999998,159.83999999999997,-6.643995261897228,-7.643995261897228,-764.3995261897228,-2.936242233226776,-293.6242233226776
EW_1_3,,2013-03,benchmark,-0.3405,-34.050000000000004,-4.381714875221221,-5.381714875221221,-538.1714875221221,-2.2769517528130585,-227.69517528130586
EW_1_3,,2013-04,benchmark,-0.8376999999999999,-83.76999999999998,-0.7111523242484047,-1.7111523242484048,-171.11523242484049,-1.2072492694815595,-120.72492694815595
EW_1_3,,2013-05,benchmark,0.5842333333333334,58.42333333333334,-1.1266312171517976,-2.1266312171517976,-212.66312171517976,-1.3283312010216695,-132.83312010216696
EW_1_3,,2013-06,benchmark,-2.538,-253.79999999999998,1.7327588119794646,0.7327588119794646,73.27588119794646,-0.49502661282867255,-49.50266128286726
EW_1_3,,2013-07,benchmark,1.0102333333333333,101.02333333333333,3.4832495224681854,2.4832495224681854,248.32495224681855,0.0,0.0
EW_1_3,,2013-08,benchmark,0.5953,59.53000000000001,5.556827963193496,4.556827963193496,455.68279631934956,0.0,0.0
EW_1_3,,2013-09,benchmark,1.5635999999999999,156.35999999999999,14.245484166442846,13.245484166442846,1324.5484166442845,0.0,0.0
EW_1_3,,2013-10,benchmark,0.9636999999999999,96.36999999999999,27.973857257643814,26.973857257643814,2697.3857257643813,0.0,0.0
EW_1_3,,2013-11,benchmark,0.23223333333333337,23.223333333333336,34.4703193747773,33.4703193747773,3347.0319374777296,0.0,0.0
EW_1_3,,2013-12,benchmark,-0.07729999999999995,-7.729999999999995,31.805763687107014,30.805763687107014,3080.5763687107014,-0.07729999999999992,-7.729999999999992
EW_1_3,,2014-01,benchmark,-1.2654,-126.54,-8.441249682558205,-9.441249682558205,-944.1249682558205,-1.2448845800000001,-124.48845800000001
EW_1_3,,2014-02,benchmark,0.7808666666666667,78.08666666666667,-15.03274018467849,-16.032740184678488,-1603.2740184678487,-1.436106785702667,-143.6106785702667
EW_1_3,,2014-03,benchmark,0.15956666666666666,15.956666666666667,-17.431464426813687,-18.431464426813687,-1843.1464426813686,-1.5056948918079558,-150.56948918079559
EW_1_3,,2014-04,benchmark,-0.17126666666666665,-17.126666666666665,-14.44603561931473,-15.44603561931473,-1544.603561931473,-1.4190862133376465,-141.90862133376464
EW_1_3,,2014-05,benchmark,0.855,85.5,-26.79739607382882,-27.79739607382882,-2779.7396073828822,-1.7774049257413342,-177.7404925741334
EW_1_3,,2014-06,benchmark,0.2853,28.53,-34.442693173692184,-35.442693173692184,-3544.2693173692182,-1.999198551055337,-199.91985510553368
EW_1_3,,2014-07,benchmark,1.5967000000000002,159.67000000000002,-89.43734136412651,-90.43734136412651,-9043.734136412651,-3.5946188775253938,-359.4618877525394
EW_1_3,,2014-08,benchmark,-0.4711666666666667,-47.11666666666667,-47.29744735806223,-48.29744735806223,-4829.744735806223,-2.372120949731346,-237.21209497313458
EW_1_3,,2014-09,benchmark,-0.7346666666666667,-73.46666666666667,-12.54958936567251,-13.54958936567251,-1354.958936567251,-1.364069425328717,-136.40694253287168
EW_1_3,,2014-10,benchmark,-0.5075000000000001,-50.75000000000001,-6.18067276259371,-7.18067276259371,-718.067276259371,-1.1793041919743932,-117.93041919743932
EW_1_3,,2014-11,benchmark,0.5783333333333334,57.833333333333336,-9.755161843627073,-10.755161843627073,-1075.5161843627072,-1.283001782999584,-128.3001782999584
EW_1_3,,2014-12,benchmark,-0.7306,-73.06,-2.6280406006731334,-3.6280406006731334,-362.80406006731334,-1.076240680340088,-107.62406803400879
EW_1_3,,2015-01,benchmark,1.2228999999999999,122.28999999999999,-5.841871451236308,-6.841871451236308,-684.1871451236308,-1.1694754083279812,-116.94754083279813
EW_1_3,,2015-02,benchmark,0.11010000000000002,11.010000000000002,-6.485061498017426,-7.485061498017426,-748.5061498017426,-1.188134650784892,-118.8134650784892
EW_1_3,,2015-03,benchmark,1.1063666666666665,110.63666666666666,-13.659917370707303,-14.659917370707303,-1465.9917370707303,-1.3962805572582704,-139.62805572582704
EW_1_3,,2015-04,benchmark,1.2826,128.26,-31.18012739037649,-32.18012739037649,-3218.012739037649,-1.904549999997728,-190.4549999997728
EW_1_3,,2015-05,benchmark,-0.5711666666666666,-57.11666666666666,-13.371077962573121,-14.371077962573121,-1437.1077962573122,-1.3879011916656925,-138.79011916656924
EW_1_3,,2015-06,benchmark,-1.0996000000000001,-109.96000000000001,1.3317593650722848,0.33175936507228476,33.17593650722848,-0.9613650413100969,-96.13650413100969
EW_1_3,,2015-07,benchmark,-0.9907666666666666,-99.07666666666665,0.012296578137500886,-0.9877034218624992,-98.77034218624992,-0.9996432705480965,-99.96432705480966
EW_1_3,,2015-08,benchmark,-1.4367333333333334,-143.67333333333335,-0.005370325558584555,-1.0053703255585846,-100.53703255585846,-1.000155795642628,-100.0155795642628
EW_1_3,,2015-09,benchmark,0.9507333333333333,95.07333333333334,-0.010476073077982845,-1.010476073077983,-101.04760730779829,-1.0003039157532625,-100.03039157532625
EW_1_3,,2015-10,benchmark,2.0307333333333335,203.07333333333335,-0.03175018387987854,-1.0317501838798786,-103.17501838798786,-1.0009210876039376,-100.09210876039376
EW_1_3,,2015-11,benchmark,-0.8641000000000001,-86.41000000000001,-0.0043148499892754905,-1.0043148499892756,-100.43148499892756,-1.000125175805375,-100.0125175805375
EW_1_3,,2015-12,benchmark,0.039700000000000006,3.9700000000000006,-0.0044861495338497275,-1.0044861495338497,-100.44861495338498,-1.0001301452848486,-100.01301452848486
EW_1_3,,2016-01,benchmark,-0.9655999999999999,-96.55999999999999,-0.00015432354396443105,-1.0001543235439645,-100.01543235439645,-1.0000044769977987,-100.00044769977987
EW_1_3,,2016-02,benchmark,0.7982,79.82000000000001,-0.00027750459675683994,-1.000277504596757,-100.02775045967569,-1.0000080505374418,-100.00080505374417
EW_1_3,,2016-03,benchmark,1.5012333333333334,150.12333333333333,-0.0006941037475614333,-1.0006941037475614,-100.06941037475615,-1.0000201362726007,-100.00201362726007
EW_1_3,,2016-04,benchmark,-0.011700000000000002,-1.1700000000000002,-0.0006859827337149645,-1.000685982733715,-100.06859827337149,-1.0000199006782111,-100.00199006782111
EW_1_3,,2016-05,benchmark,-0.16573333333333332,-16.57333333333333,-0.000572292528647271,-1.0005722925286473,-100.05722925286473,-1.0000166024724757,-100.00166024724757
EW_1_3,,2016-06,benchmark,0.4566333333333333,45.66333333333333,-0.0008336203736452365,-1.0008336203736452,-100.08336203736452,-1.0000241837148238,-100.00241837148238
EW_1_3,,2016-07,benchmark,1.0949333333333333,109.49333333333333,-0.0017463791080951942,-1.0017463791080952,-100.17463791080952,-1.0000506632703081,-100.00506632703082
EW_1_3,,2016-08,benchmark,0.5907666666666666,59.076666666666654,-0.0027780816725208983,-1.002778081672521,-100.27780816725209,-1.0000805934416306,-100.00805934416306
EW_1_3,,2016-09,benchmark,0.22529999999999997,22.529999999999998,-0.0034039834733398566,-1.00340398347334,-100.34039834733399,-1.00009875114403,-100.009875114403
EW_1_3,,2016-10,benchmark,-0.31883333333333336,-31.883333333333336,-0.0023186800759233323,-1.0023186800759234,-100.23186800759234,-1.0000672659876084,-100.00672659876085
EW_1_3,,2016-11,benchmark,-0.4094,-40.94,-0.0013694124528403201,-1.0013694124528403,-100.13694124528402,-1.0000397272922816,-100.00397272922817
EW_1_3,,2016-12,benchmark,1.4064333333333334,140.64333333333335,-0.0032953997735967076,-1.0032953997735967,-100.32953997735967,-1.0000956010803894,-100.00956010803894
EW_1_3,,2017-01,benchmark,1.1872666666666667,118.72666666666667,-0.00720791807812896,-1.007207918078129,-100.7207918078129,-1.000209105056433,-100.0209105056433
EW_1_3,,2017-02,benchmark,0.2396,23.96,-0.00893493524964866,-1.0089349352496486,-100.89349352496487,-1.0002592066279545,-100.02592066279546
EW_1_3,,2017-03,benchmark,1.5592333333333335,155.92333333333335,-0.022866584122075834,-1.0228665841220759,-102.28665841220759,-1.0006633702424819,-100.06633702424818
EW_1_3,,2017-04,benchmark,0.8539333333333333,85.39333333333333,-0.04239312252338713,-1.0423931225233871,-104.2393122523387,-1.0012298442048786,-100.12298442048785
EW_1_3,,2017-05,benchmark,2.2453999999999996,224.53999999999996,-0.13758263983740057,-1.1375826398374005,-113.75826398374005,-1.0039913363825133,-100.39913363825133
EW_1_3,,2017-06,benchmark,0.8253,82.53,-0.2511295924952073,-1.2511295924952073,-125.11295924952073,-1.0072853862990014,-100.72853862990014
EW_1_3,,2017-07,benchmark,0.32539999999999997,32.54,-0.3328471618931477,-1.3328471618931477,-133.28471618931476,-1.0096560510006964,-100.96560510006964
EW_1_3,,2017-08,benchmark,-0.6333,-63.33,-0.12205505426621728,-1.1220550542662173,-112.20550542662173,-1.0035408739019553,-100.35408739019553
EW_1_3,,2017-09,benchmark,0.9120333333333335,91.20333333333335,-0.23337333225881632,-1.2333733322588163,-123.33733322588162,-1.006770268929669,-100.6770268929669
EW_1_3,,2017-10,benchmark,1.5821000000000003,158.21000000000004,-0.6025932812254897,-1.6025932812254897,-160.25932812254896,-1.0174815114032978,-101.74815114032978
EW_1_3,,2017-11,benchmark,-0.6830666666666668,-68.30666666666669,-0.1909818972630651,-1.190981897263065,-119.0981897263065,-1.0055404736807518,-100.55404736807519
EW_1_3,,2017-12,benchmark,0.31843333333333335,31.843333333333334,-0.25179689941486716,-1.2517968994148672,-125.17968994148671,-1.0073047451831594,-100.73047451831594
EW_1_3,,2018-01,benchmark,0.8668666666666667,86.68666666666667,-0.47007123828763503,-1.470071238287635,-147.0071238287635,-1.013636985290934,-101.3636985290934
EW_1_3,,2018-02,benchmark,-1.8227666666666664,-182.27666666666664,0.3867589458217897,-0.6132410541782103,-61.32410541782103,-0.9887799430687959,-98.87799430687959
EW_1_3,,2018-03,benchmark,0.44460000000000005,44.46000000000001,0.5587119731341574,-0.44128802686584256,-44.12880268658426,-0.9837915057571825,-98.37915057571826
EW_1_3,,2018-04,benchmark,0.9523333333333334,95.23333333333333,1.0907920088822534,0.09079200888225336,9.079200888225337,-0.9683556164066061,-96.8355616406606
EW_1_3,,2018-05,benchmark,-1.1238,-112.38,-0.13504005069962285,-1.1350400506996228,-113.50400506996228,-1.0039175746888622,-100.39175746888623
EW_1_3,,2018-06,benchmark,-0.9507333333333334,-95.07333333333334,-0.006652973164468073,-1.006652973164468,-100.6652973164468,-1.000193005846338,-100.0193005846338
EW_1_3,,2018-07,benchmark,-0.07706666666666666,-7.706666666666666,-0.006140250699259734,-1.0061402506992598,-100.61402506992599,-1.0001781315291134,-100.01781315291134
EW_1_3,,2018-08,benchmark,0.4570666666666667,45.70666666666667,-0.00894675461886805,-1.008946754618868,-100.89467546188679,-1.0002595495133537,-100.02595495133536
EW_1_3,,2018-09,benchmark,0.19346666666666668,19.346666666666668,-0.010677653412465056,-1.010677653412465,-101.06776534124651,-1.000309763692537,-100.03097636925371
EW_1_3,,2018-10,benchmark,-3.8648000000000002,-386.48,0.030589341496029893,-0.9694106585039701,-96.94106585039701,-0.9991125889736197,-99.91125889736196
EW_1_3,,2018-11,benchmark,1.1308333333333334,113.08333333333334,0.06518078850445704,-0.9348192114955429,-93.4819211495543,-0.9981090750046212,-99.81090750046212
EW_1_3,,2018-12,benchmark,-0.5633666666666667,-56.336666666666666,0.02846010495399609,-0.9715398950460039,-97.15398950460039,-0.9991743591161845,-99.91743591161844
EW_1_3,,2019-01,benchmark,3.1884333333333337,318.84333333333336,0.11920325225948238,-0.8807967477405176,-88.07967477405177,-0.996541858200864,-99.65418582008641
EW_1_3,,2019-02,benchmark,-0.16789999999999997,-16.789999999999996,0.09918902620511529,-0.9008109737948847,-90.08109737948847,-0.997122480208939,-99.7122480208939
EW_1_3,,2019-03,benchmark,-0.5060333333333334,-50.603333333333346,0.04899607264445344,-0.9510039273555466,-95.10039273555466,-0.9985786011405422,-99.85786011405422
EW_1_3,,2019-04,benchmark,1.0081333333333333,100.81333333333333,0.09839064667974842,-0.9016093533202516,-90.16093533202516,-0.9971456415703609,-99.7145641570361
EW_1_3,,2019-05,benchmark,-2.2823333333333333,-228.23333333333332,-0.12616960592566406,-1.126169605925664,-112.6169605925664,-1.0036602389596072,-100.36602389596072
EW_1_3,,2019-06,benchmark,2.0166,201.66,-0.3806032332353582,-1.3806032332353582,-138.0603233235358,-1.0110414768455511,-101.10414768455512
EW_1_3,,2019-07,benchmark,-1.0354,-103.54,0.013473354456531719,-0.9865266455434683,-98.65266455434683,-0.9996091317196675,-99.96091317196675
EW_1_3,,2019-08,benchmark,-0.8134333333333333,-81.34333333333333,0.002513678829773601,-0.9974863211702264,-99.74863211702264,-0.9999270770078327,-99.99270770078327
EW_1_3,,2019-09,benchmark,1.9198333333333333,191.98333333333332,0.0073395232364672856,-0.9926604767635328,-99.26604767635328,-0.9997870770167033,-99.97870770167033
EW_1_3,,2019-10,benchmark,0.24146666666666664,24.146666666666665,0.009111773447299586,-0.9908882265527004,-99.08882265527004,-0.9997356632136699,-99.97356632136699
EW_1_3,,2019-11,benchmark,0.18933333333333335,18.933333333333337,0.010836935886654974,-0.989163064113345,-98.9163064113345,-0.9996856154487914,-99.96856154487914
EW_1_3,,2019-12,benchmark,2.566733333333333,256.6733333333333,0.038652460458128514,-0.9613475395418715,-96.13475395418715,-0.9988786741417194,-99.88786741417194
EW_1_3,,2020-01,benchmark,-0.7946000000000001,-79.46000000000001,0.007939215378099593,-0.9920607846219004,-99.20607846219004,-0.9997696796687091,-99.97696796687092
EW_1_3,,2020-02,benchmark,-1.6998,-169.98,-0.005555862921594095,-1.0055558629215942,-100.55558629215942,-1.0001611781678372,-100.01611781678372
EW_1_3,,2020-03,benchmark,-3.749333333333334,-374.9333333333334,0.015274919125769369,-0.9847250808742306,-98.47250808742307,-0.9995568674905593,-99.95568674905593
EW_1_3,,2020-04,benchmark,3.1514666666666664,315.14666666666665,0.06341331758666066,-0.9365866824133393,-93.65866824133393,-0.9981603501581403,-99.81603501581404
EW_1_3,,2020-05,benchmark,1.4604,146.04,0.15602212659021988,-0.8439778734097801,-84.39778734097801,-0.9954737255290885,-99.54737255290885
EW_1_3,,2020-06,benchmark,1.6215666666666666,162.15666666666667,0.4090224063313674,-0.5909775936686326,-59.09775936686326,-0.9881340697228742,-98.81340697228742
EW_1_3,,2020-07,benchmark,2.3920666666666666,239.20666666666665,1.3874312704364202,0.3874312704364202,38.74312704364202,-0.9597499734379706,-95.97499734379707
EW_1_3,,2020-08,benchmark,0.7706666666666666,77.06666666666666,2.4566783028527546,1.4566783028527546,145.66783028527544,-0.9287306196341667,-92.87306196341667
EW_1_3,,2020-09,benchmark,0.5122333333333334,51.22333333333334,3.715070818850698,2.715070818850698,271.5070818850698,-0.8922240673647748,-89.22240673647748
EW_1_3,,2020-10,benchmark,-1.0039666666666667,-100.39666666666666,-0.014736447581441128,-1.014736447581441,-101.4736447581441,-1.0004275111994532,-100.04275111994532
EW_1_3,,2020-11,benchmark,4.991633333333334,499.16333333333336,-0.08829539054388205,-1.0882953905438821,-108.82953905438822,-1.0025614903530162,-100.25614903530162
EW_1_3,,2020-12,benchmark,4.6531,465.31,-0.49914267228361964,-1.4991426722836196,-149.91426722836195,-1.0144803611146362,-101.44803611146362
EW_1_3,,2021-01,benchmark,1.4718666666666669,147.1866666666667,-1.2338141335288035,-2.2338141335288038,-223.38141335288037,-1.0357935219605656,-103.57935219605656
EW_1_3,,2021-02,benchmark,0.46913333333333335,46.913333333333334,-1.8126374707049497,-2.8126374707049497,-281.26374707049496,-1.0525854562296657,-105.25854562296657
EW_1_3,,2021-03,benchmark,0.338,33.800000000000004,-2.4253089358032227,-3.4253089358032227,-342.5308935803223,-1.0703593404352927,-107.03593404352927
EW_1_3,,2021-04,benchmark,0.6587333333333333,65.87333333333333,-4.022940775447998,-5.022940775447998,-502.29407754479985,-1.1167073832913679,-111.67073832913678
EW_1_3,,2021-05,benchmark,0.3261,32.61,-5.3348217623215906,-6.3348217623215906,-633.4821762321591,-1.1547656609826829,-115.47656609826828
EW_1_3,,2021-06,benchmark,0.7610666666666667,76.10666666666667,-9.394976778232476,-10.394976778232476,-1039.4976778232476,-1.272552646701237,-127.2552646701237
EW_1_3,,2021-07,benchmark,-0.8608666666666666,-86.08666666666666,-1.3071544357447462,-2.307154435744746,-230.71544357447462,-1.0379211582443655,-103.79211582443655
EW_1_3,,2021-08,benchmark,-0.3258666666666667,-32.586666666666666,-0.8811963769500581,-1.8811963769500581,-188.11963769500582,-1.0255639168111348,-102.55639168111348
EW_1_3,,2021-09,benchmark,-1.6147,-161.47,0.5416714129112008,-0.4583285870887992,-45.83285870887992,-0.9842858603361954,-98.42858603361954
EW_1_3,,2021-10,benchmark,-1.4741666666666664,-147.41666666666663,-0.25684252828872756,-1.2568425282887277,-125.68425282887277,-1.0074511212239208,-100.74511212239207
EW_1_3,,2021-11,benchmark,-0.8332666666666667,-83.32666666666667,-0.0428242108833405,-1.0428242108833405,-104.28242108833405,-1.001242350278735,-100.12423502787351
EW_1_3,,2021-12,benchmark,2.3084666666666664,230.84666666666664,-0.14168247423383593,-1.1416824742338358,-114.16824742338359,-1.004110274485519,-100.4110274485519
EW_1_3,,2022-01,benchmark,-3.2574666666666663,-325.7466666666666,0.31984346283374343,-0.6801565371662566,-68.01565371662565,-0.9907211923580905,-99.07211923580905
EW_1_3,,2022-02,benchmark,0.3849333333333333,38.49333333333333,0.4429618731272124,-0.5570381268727875,-55.703812687278756,-0.9871494700031315,-98.71494700031315
EW_1_3,,2022-03,benchmark,0.12446666666666668,12.446666666666669,0.49809586093577946,-0.5019041390642205,-50.19041390642205,-0.9855500073695213,-98.55500073695212
EW_1_3,,2022-04,benchmark,-1.1996333333333333,-119.96333333333334,-0.0994365370381461,-1.099436537038146,-109.9436537038146,-1.0028847001954646,-100.28847001954647
EW_1_3,,2022-05,benchmark,0.0252,2.52,-0.10194233777150738,-1.1019423377715074,-110.19423377715074,-1.0029573946403902,-100.29573946403903
EW_1_3,,2022-06,benchmark,-4.7186,-471.86,0.37908277723712736,-0.6209172227628726,-62.091722276287264,-0.9890026322902448,-98.90026322902447
EW_1_3,,2022-07,benchmark,2.3262,232.62,1.260905133646133,0.260905133646133,26.0905133646133,-0.963420555523812,-96.3420555523812
EW_1_3,,2022-08,benchmark,-0.7096666666666667,-70.96666666666667,0.36608279046859393,-0.6339172095314061,-63.391720953140606,-0.9893797679537467,-98.93797679537467
EW_1_3,,2022-09,benchmark,-4.395733333333333,-439.5733333333333,-1.2431195343538868,-2.2431195343538866,-224.31195343538866,-1.036063475967197,-103.6063475967197
EW_1_3,,2022-10,benchmark,2.35,235.0,-4.1644504400855205,-5.1644504400855205,-516.445044008552,-1.12081264449011,-112.081264449011
EW_1_3,,2022-11,benchmark,3.077833333333333,307.7833333333333,-16.981934819595402,-17.981934819595402,-1798.1934819595401,-1.49265382878992,-149.265382878992
EW_1_3,,2022-12,benchmark,-2.529866666666667,-252.98666666666668,25.980096016005024,24.980096016005024,2498.0096016005023,-0.24630532912859404,-24.630532912859405
EW_1_3,,2023-01,benchmark,3.5925666666666665,359.25666666666666,119.31532295990414,118.31532295990414,11831.532295990413,0.0,0.0
EW_1_3,,2023-02,benchmark,-0.5501333333333334,-55.013333333333335,53.67598662222887,52.67598662222887,5267.598662222887,-0.5501333333333334,-55.013333333333335
EW_1_3,,2023-03,benchmark,1.6250333333333333,162.50333333333333,140.90125408290487,139.90125408290487,13990.125408290487,0.0,0.0
EW_1_3,,2023-04,benchmark,0.5559999999999999,55.599999999999994,219.24235135299998,218.24235135299998,21824.235135299998,0.0,0.0
EW_1_3,,2023-05,benchmark,1.3570333333333335,135.70333333333335,516.7615302173995,515.7615302173995,51576.15302173995,0.0,0.0
EW_1_3,,2023-06,benchmark,-0.0771,-7.71,476.919216237638,475.919216237638,47591.9216237638,-0.07709999999999995,-7.709999999999995
EW_1_3,,2023-07,benchmark,0.7302666666666666,73.02666666666666,825.1974225487771,824.1974225487771,82419.74225487771,0.0,0.0
EW_1_3,,2023-08,benchmark,-0.7052999999999999,-70.52999999999999,243.18568042512467,242.18568042512467,24218.568042512466,-0.7052999999999999,-70.52999999999999
EW_1_3,,2023-09,benchmark,-0.7256666666666668,-72.56666666666668,66.71393832995918,65.71393832995918,6571.393832995917,-0.9191539666666667,-91.91539666666667
EW_1_3,,2023-10,benchmark,-2.1648,-216.48000000000002,-77.70839536673645,-78.70839536673645,-7870.839536673646,-1.0941694596266667,-109.41694596266667
EW_1_3,,2023-11,benchmark,4.326033333333333,432.6033333333333,-413.8775040030839,-414.8775040030839,-41487.75040030839,-1.5015496809536142,-150.15496809536143
EW_1_3,,2023-12,benchmark,2.7734,277.34000000000003,-1561.7253736052369,-1562.7253736052369,-156272.53736052368,-2.892547566110368,-289.2547566110368
EW_1_3,,2024-01,benchmark,-1.9786000000000001,-197.86,1528.304450610085,1527.304450610085,152730.4450610085,0.0,0.0
EW_1_3,,2024-02,benchmark,2.0229333333333335,202.29333333333335,4619.962467230914,4618.962467230914,461896.24672309135,0.0,0.0
EW_1_3,,2024-03,benchmark,2.1855333333333333,218.55333333333334,14717.044438112984,14716.044438112984,1471604.4438112983,0.0,0.0
EW_1_3,,2024-04,benchmark,-0.7894666666666668,-78.94666666666667,3098.4284223707186,3097.4284223707186,309742.8422370719,-0.7894666666666668,-78.94666666666667
EW_1_3,,2024-05,benchmark,-0.29309999999999997,-29.31,2190.2790517738613,2189.2790517738613,218927.90517738613,-0.8511739866666668,-85.11739866666667
EW_1_3,,2024-06,benchmark,2.7724333333333333,277.24333333333334,8262.68170421344,8261.68170421344,826168.1704213441,-0.43856378643422234,-43.85637864342223
EW_1_3,,2024-07,benchmark,0.11356666666666666,11.356666666666666,9201.046923088614,9200.046923088614,920004.6923088614,-0.3748033471136022,-37.48033471136022
EW_1_3,,2024-08,benchmark,-1.3545666666666667,-135.45666666666668,-3262.3845373631198,-3263.3845373631198,-326338.453736312,-1.2216738932250872,-122.16738932250873
EW_1_3,,2024-09,benchmark,-1.1727666666666667,-117.27666666666667,563.6313019051019,562.6313019051019,56263.13019051019,-0.9617021403804791,-96.1702140380479
EW_1_3,,2024-10,benchmark,-0.4854,-48.54,290.04466796036536,289.04466796036536,28904.466796036537,-0.9802919214397946,-98.02919214397946
EW_1_3,,2024-11,benchmark,-0.9314333333333332,-93.14333333333332,19.887396066482417,18.887396066482417,1888.7396066482418,-0.9986486827467219,-99.86486827467219
EW_1_3,,2024-12,benchmark,-0.5761999999999999,-57.61999999999999,8.428278452975249,7.428278452975249,742.8278452975248,-0.9994273117480608,-99.94273117480607
EW_1_3,,2025-01,benchmark,1.8312666666666668,183.1266666666667,23.862703841293726,22.862703841293726,2286.270384129373,-0.9983785668418927,-99.83785668418928
EW_1_3,,2025-02,benchmark,0.4765,47.65,35.23328222167019,34.23328222167019,3423.328222167019,-0.9976059539420546,-99.76059539420547
EW_1_3,,2025-03,benchmark,0.20983333333333332,20.98333333333333,42.62639927451731,41.62639927451731,4162.639927451731,-0.9971036032775625,-99.71036032775625
EW_1_3,,2025-04,benchmark,0.941,94.1,82.7378409918381,81.7378409918381,8173.78409918381,-0.9943780939617488,-99.43780939617488
EW_1_3,,2025-05,benchmark,2.1977333333333333,219.77333333333334,264.5735520676337,263.5735520676337,26357.355206763372,-0.9820226436646163,-98.20226436646163
EW_1_3,,2025-06,benchmark,5.177566666666667,517.7566666666668,1634.420756134612,1633.420756134612,163342.0756134612,-0.8889436827477449,-88.8943682747745
EW_1_3,,2025-07,benchmark,2.0666666666666664,206.66666666666663,5012.223652146143,5011.223652146143,501122.36521461426,-0.6594272937597511,-65.9427293759751
EW_1_3,,2025-08,benchmark,-0.4023333333333334,-40.233333333333334,2995.639002766011,2994.639002766011,299463.9002766011,-0.7964510459037446,-79.64510459037446
EW_1_3,,2025-09,benchmark,3.3659999999999997,336.59999999999997,13078.959886076402,13077.959886076402,1307795.9886076401,-0.111305266415749,-11.1305266415749
EW_1_3,,2025-10,benchmark,7.4509333333333325,745.0933333333332,110529.41806657257,110528.41806657257,11052841.806657257,0.0,0.0
EW_1_3,,2025-11,benchmark,-1.5812000000000002,-158.12,-64239.697780291994,-64240.697780291994,-6424069.7780292,-1.5812000000000002,-158.12
EW_1_3,,2025-12,benchmark,2.8734333333333333,287.3433333333333,-248828.18670544235,-248829.18670544235,-24882918.670544233,-3.251239453333334,-325.1239453333334
EW_1_3,,2026-01,benchmark,8.9842,898.42,-2484350.3817044776,-2484351.3817044776,-248435138.17044777,-23.476824949970673,-2347.6824949970674
EW_1_3,,2026-02,benchmark,7.5317333333333325,753.1733333333333,-21195814.96326748,-21195815.96326748,-2119581596.326748,-192.7662766531631,-19276.627665316308
EW_1_3,,2026-03,benchmark,-6.985,-698.5,126856952.55515587,126856951.55515587,12685695155.515587,0.0,0.0
EW_1_3,,2026-04,benchmark,11.1501,1115.01,1541324659.2403994,1541324658.2403994,154132465824.03995,0.0,0.0
EW_1_3,,2026-05,benchmark,11.706299999999999,1170.6299999999999,19584533517.706284,19584533516.706284,1958453351670.6284,0.0,0.0
EW_1_3,,2026-06,benchmark,0.5850666666666667,58.506666666666675,31042791261.132305,31042791260.132305,3104279126013.2305,0.0,0.0
HSI_main_v2b_baseline,2012-07,2012-08,risk_relief,0.24376666666666666,24.376666666666665,1.2437666666666667,0.2437666666666667,24.37666666666667,0.0,0.0
HSI_main_v2b_baseline,2012-08,2012-09,risk_relief,1.7588666666666666,175.88666666666666,3.4313863977777777,2.4313863977777777,243.13863977777777,0.0,0.0
HSI_main_v2b_baseline,2012-09,2012-10,risk_relief,-1.3575,-135.75,-1.2267206372055552,-2.2267206372055552,-222.6720637205555,-1.3575,-135.75
HSI_main_v2b_baseline,2012-10,2012-11,conflict,0.696,69.6,-2.0805182007006215,-3.0805182007006215,-308.05182007006215,-1.6063199999999997,-160.63199999999998
HSI_main_v2b_baseline,2012-11,2012-12,risk_relief,1.5110666666666666,151.10666666666665,-5.22431990317264,-6.22431990317264,-622.431990317264,-2.5225099413333325,-252.25099413333325
HSI_main_v2b_baseline,2012-12,2013-01,risk_relief,-0.5105666666666666,-51.05666666666666,-2.556956304609463,-3.556956304609463,-355.6956304609463,-1.745167115619911,-174.5167115619911
HSI_main_v2b_baseline,2013-01,2013-02,conflict,1.5983999999999998,159.83999999999997,-6.643995261897228,-7.643995261897228,-764.3995261897228,-2.9362422332267766,-293.62422332267766
HSI_main_v2b_baseline,2013-02,2013-03,risk_relief,-0.3405,-34.050000000000004,-4.381714875221221,-5.381714875221221,-538.1714875221221,-2.276951752813059,-227.6951752813059
HSI_main_v2b_baseline,2013-03,2013-04,conflict,-0.8376999999999999,-83.76999999999998,-0.7111523242484047,-1.7111523242484048,-171.11523242484049,-1.2072492694815595,-120.72492694815595
HSI_main_v2b_baseline,2013-04,2013-05,conflict,0.5842333333333334,58.42333333333334,-1.1266312171517976,-2.1266312171517976,-212.66312171517976,-1.3283312010216695,-132.83312010216696
HSI_main_v2b_baseline,2013-05,2013-06,risk_relief,-2.538,-253.79999999999998,1.7327588119794646,0.7327588119794646,73.27588119794646,-0.49502661282867244,-49.502661282867244
HSI_main_v2b_baseline,2013-06,2013-07,accident_zone,0.444085,44.408500000000004,2.5022510089973653,1.5022510089973653,150.22510089973653,-0.27077550618669344,-27.077550618669342
HSI_main_v2b_baseline,2013-07,2013-08,conflict,0.5952999999999999,59.529999999999994,3.991841034653497,2.991841034653497,299.1841034653497,0.0,0.0
HSI_main_v2b_baseline,2013-08,2013-09,conflict,1.5635999999999999,156.35999999999999,10.233483676437706,9.233483676437706,923.3483676437705,0.0,0.0
HSI_main_v2b_baseline,2013-09,2013-10,risk_relief,0.9637,96.37,20.09549189542072,19.09549189542072,1909.549189542072,0.0,0.0
HSI_main_v2b_baseline,2013-10,2013-11,risk_relief,0.23223333333333332,23.223333333333333,24.76233496326726,23.76233496326726,2376.2334963267263,0.0,0.0
HSI_main_v2b_baseline,2013-11,2013-12,conflict,-0.07729999999999994,-7.729999999999994,22.848206470606705,21.848206470606705,2184.8206470606706,-0.07729999999999981,-7.729999999999981
HSI_main_v2b_baseline,2013-12,2014-01,risk_relief,-1.2654,-126.54,-6.0639139972990215,-7.0639139972990215,-706.3913997299021,-1.2448845800000001,-124.48845800000001
HSI_main_v2b_baseline,2014-01,2014-02,risk_warning,0.5806000000000001,58.06000000000001,-9.584622464130833,-10.584622464130833,-1058.4622464130832,-1.3870645671480002,-138.70645671480003
HSI_main_v2b_baseline,2014-02,2014-03,risk_relief,0.15956666666666666,15.956666666666667,-11.114008721990642,-12.114008721990642,-1211.4008721990642,-1.4488271699125828,-144.88271699125826
HSI_main_v2b_baseline,2014-03,2014-04,neutral_watch,-0.17126666666666665,-17.126666666666665,-9.210549494871044,-10.210549494871044,-1021.0549494871044,-1.371958036612221,-137.1958036612221
HSI_main_v2b_baseline,2014-04,2014-05,conflict,0.855,85.5,-17.085569312985786,-18.085569312985786,-1808.5569312985785,-1.68998215791567,-168.998215791567
HSI_main_v2b_baseline,2014-05,2014-06,risk_relief,0.2853,28.53,-21.96008223798063,-22.96008223798063,-2296.0082237980628,-1.8868340675690105,-188.68340675690106
HSI_main_v2b_baseline,2014-06,2014-07,conflict,1.5966999999999998,159.67,-57.02374554736429,-58.02374554736429,-5802.37455473643,-3.3028420232564493,-330.2842023256449
HSI_main_v2b_baseline,2014-07,2014-08,risk_relief,-0.47116666666666657,-47.11666666666666,-30.156057436964492,-31.156057436964492,-3115.6057436964493,-2.217819623298786,-221.78196232987858
HSI_main_v2b_baseline,2014-08,2014-09,conflict,-0.7346666666666667,-73.46666666666667,-8.001407239941244,-9.001407239941244,-900.1407239941244,-1.3231281400486112,-132.3128140048611
HSI_main_v2b_baseline,2014-09,2014-10,risk_warning,-0.10538000000000006,-10.538000000000006,-7.158218944996236,-8.158218944996236,-815.8218944996236,-1.2890768966502886,-128.90768966502887
HSI_main_v2b_baseline,2014-10,2014-11,accident_zone,0.33922500000000005,33.92250000000001,-9.586465766612584,-10.586465766612584,-1058.6465766612585,-1.3871390069164826,-138.71390069164826
HSI_main_v2b_baseline,2014-11,2014-12,conflict,-0.7306,-73.06,-2.58259387752543,-3.58259387752543,-358.259387752543,-1.1042952484633004,-110.42952484633004
HSI_main_v2b_baseline,2014-12,2015-01,risk_warning,0.9121400000000002,91.21400000000001,-4.9382810569714755,-5.9382810569714755,-593.8281056971475,-1.1994271163966153,-119.94271163966152
HSI_main_v2b_baseline,2015-01,2015-02,conflict,0.11009999999999999,11.01,-5.4819858013440355,-6.4819858013440355,-648.1985801344035,-1.2213840419118827,-122.13840419118827
HSI_main_v2b_baseline,2015-02,2015-03,risk_relief,1.1063666666666667,110.63666666666667,-11.547072159091032,-12.547072159091032,-1254.7072159091033,-1.466315966415126,-146.6315966415126
HSI_main_v2b_baseline,2015-03,2015-04,risk_relief,1.2825999999999997,128.25999999999996,-26.357346910341185,-27.357346910341185,-2735.7346910341184,-2.064412824939166,-206.4412824939166
HSI_main_v2b_baseline,2015-04,2015-05,risk_relief,-0.5711666666666666,-57.11666666666666,-11.302908933384646,-12.302908933384646,-1230.2908933384647,-1.4564556997614124,-145.64556997614125
HSI_main_v2b_baseline,2015-05,2015-06,risk_warning,-0.63238,-63.23800000000001,-4.155175382090863,-5.155175382090863,-515.5175382090863,-1.1678022443462903,-116.78022443462903
HSI_main_v2b_baseline,2015-06,2015-07,conflict,-0.9907666666666667,-99.07666666666667,-0.03836611936130556,-1.0383661193613056,-103.83661193613057,-1.0015493740561308,-100.15493740561308
HSI_main_v2b_baseline,2015-07,2015-08,accident_zone,-0.29074000000000005,-29.074000000000005,-0.02721155381819958,-1.0272115538181996,-102.72115538181995,-1.0010989090430513,-100.10989090430513
HSI_main_v2b_baseline,2015-08,2015-09,accident_zone,0.55808,55.808,-0.0423977777730604,-1.0423977777730604,-104.23977777730605,-1.0017121882017974,-100.17121882017975
HSI_main_v2b_baseline,2015-09,2015-10,risk_warning,1.22284,122.28399999999999,-0.09424347634506956,-1.0942434763450695,-109.42434763450694,-1.0038059204224832,-100.38059204224832
HSI_main_v2b_baseline,2015-10,2015-11,risk_relief,-0.8641000000000001,-86.41000000000001,-0.012807688435294945,-1.012807688435295,-101.2807688435295,-1.0005172245854155,-100.05172245854155
HSI_main_v2b_baseline,2015-11,2015-12,neutral_watch,0.03970000000000002,3.970000000000002,-0.013316153666176155,-1.0133161536661761,-101.33161536661761,-1.0005377584014565,-100.05377584014565
HSI_main_v2b_baseline,2015-12,2016-01,neutral_watch,-0.9655999999999999,-96.55999999999999,-0.000458075686116461,-1.0004580756861166,-100.04580756861165,-1.0000184988890102,-100.00184988890102
HSI_main_v2b_baseline,2016-01,2016-02,accident_zone,0.47501000000000004,47.501000000000005,-0.0006756662177786413,-1.0006756662177787,-100.06756662177787,-1.0000272860462789,-100.00272860462789
HSI_main_v2b_baseline,2016-02,2016-03,conflict,1.5012333333333332,150.1233333333333,-0.0016899988661151968,-1.0016899988661152,-100.16899988661152,-1.0000682487684873,-100.00682487684873
HSI_main_v2b_baseline,2016-03,2016-04,risk_relief,-0.011699999999999988,-1.1699999999999988,-0.0016702258793816489,-1.0016702258793817,-100.16702258793816,-1.0000674502578961,-100.00674502578961
HSI_main_v2b_baseline,2016-04,2016-05,risk_relief,-0.16573333333333337,-16.573333333333338,-0.0013934137769721301,-1.0013934137769722,-100.13934137769722,-1.0000562715018209,-100.00562715018208
HSI_main_v2b_baseline,2016-05,2016-06,risk_relief,0.4566333333333333,45.66333333333333,-0.0020296929546635037,-1.0020296929546635,-100.20296929546635,-1.000081966945269,-100.0081966945269
HSI_main_v2b_baseline,2016-06,2016-07,conflict,1.0949333333333333,109.49333333333333,-0.004252071427156397,-1.0042520714271563,-100.42520714271564,-1.0001717152858753,-100.01717152858754
HSI_main_v2b_baseline,2016-07,2016-08,risk_relief,0.5907666666666666,59.076666666666654,-0.006764053490606157,-1.0067640534906062,-100.67640534906062,-1.0002731589529275,-100.02731589529274
HSI_main_v2b_baseline,2016-08,2016-09,risk_relief,0.2253,22.53,-0.008287994742039725,-1.0082879947420398,-100.82879947420398,-1.0003347016650221,-100.03347016650221
HSI_main_v2b_baseline,2016-09,2016-10,conflict,-0.3188333333333333,-31.88333333333333,-0.005645505751786059,-1.0056455057517861,-100.56455057517861,-1.0002279876174909,-100.02279876174909
HSI_main_v2b_baseline,2016-10,2016-11,conflict,-0.40939999999999993,-40.93999999999999,-0.0033342356970048467,-1.0033342356970048,-100.33342356970047,-1.0001346494868901,-100.013464948689
HSI_main_v2b_baseline,2016-11,2016-12,neutral_watch,1.4064333333333332,140.64333333333332,-0.008023615922462363,-1.0080236159224623,-100.80236159224623,-1.0003240250135685,-100.03240250135686
HSI_main_v2b_baseline,2016-12,2017-01,risk_relief,1.1872666666666665,118.72666666666665,-0.017549787653337843,-1.017549787653338,-101.75497876533379,-1.0007087291113448,-100.07087291113447
HSI_main_v2b_baseline,2017-01,2017-02,risk_relief,0.23959999999999995,23.959999999999994,-0.02175471677507759,-1.0217547167750776,-102.17547167750776,-1.000878540606423,-100.08785406064229
HSI_main_v2b_baseline,2017-02,2017-03,risk_relief,1.5592333333333335,155.92333333333335,-0.0556753963280044,-1.0556753963280043,-105.56753963280043,-1.0022483904046446,-100.22483904046446
HSI_main_v2b_baseline,2017-03,2017-04,risk_relief,0.8539333333333333,85.39333333333333,-0.10321847309903164,-1.1032184730990315,-110.32184730990315,-1.0041683659175173,-100.41683659175173
HSI_main_v2b_baseline,2017-04,2017-05,risk_relief,2.2453999999999996,224.53999999999996,-0.3349852325955972,-1.334985232595597,-133.4985232595597,-1.013528014748711,-101.35280147487109
HSI_main_v2b_baseline,2017-05,2017-06,risk_relief,0.8252999999999999,82.52999999999999,-0.6114485450567435,-1.6114485450567435,-161.14485450567435,-1.0246926853208218,-102.46926853208218
HSI_main_v2b_baseline,2017-06,2017-07,risk_relief,0.3254,32.54,-0.8104139016182079,-1.810413901618208,-181.0413901618208,-1.0327276851242173,-103.27276851242173
HSI_main_v2b_baseline,2017-07,2017-08,conflict,-0.6333,-63.33,-0.29717877772339685,-1.297178777723397,-129.7178777723397,-1.0120012421350504,-101.20012421350503
HSI_main_v2b_baseline,2017-08,2017-09,accident_zone,0.2202,22.02,-0.3626175445780888,-1.3626175445780888,-136.26175445780888,-1.0146439156531886,-101.46439156531886
HSI_main_v2b_baseline,2017-09,2017-10,conflict,1.5821,158.21,-0.9363147618550831,-1.936314761855083,-193.63147618550832,-1.0378120546080982,-103.78120546080982
HSI_main_v2b_baseline,2017-10,2017-11,risk_relief,-0.6830666666666667,-68.30666666666667,-0.29674935852393763,-1.2967493585239376,-129.67493585239376,-1.0119839005071267,-101.19839005071267
HSI_main_v2b_baseline,2017-11,2017-12,accident_zone,0.166335,16.6335,-0.34610916307401685,-1.3461091630740167,-134.61091630740168,-1.0139772425979796,-101.39772425979797
HSI_main_v2b_baseline,2017-12,2018-01,accident_zone,0.18264000000000005,18.264000000000006,-0.40932254061785533,-1.4093225406178553,-140.93225406178553,-1.0165300461860745,-101.65300461860744
HSI_main_v2b_baseline,2018-01,2018-02,risk_warning,-0.9916599999999999,-99.16599999999998,-0.0034137499887529647,-1.003413749988753,-100.3413749988753,-1.0001378605851918,-100.01378605851919
HSI_main_v2b_baseline,2018-02,2018-03,accident_zone,0.30201,30.201,-0.004444736622856248,-1.0044447366228562,-100.44447366228562,-1.0001794958605257,-100.01794958605257
HSI_main_v2b_baseline,2018-03,2018-04,accident_zone,0.40162,40.162,-0.006229831745327773,-1.0062298317453278,-100.62298317453278,-1.00025158498803,-100.025158498803
HSI_main_v2b_baseline,2018-04,2018-05,conflict,-1.1238,-112.38,0.0007712531700715778,-0.9992287468299285,-99.92287468299284,-0.9999688537784819,-99.99688537784819
HSI_main_v2b_baseline,2018-05,2018-06,accident_zone,-0.09618500000000002,-9.618500000000003,0.0006970701839082431,-0.9993029298160918,-99.93029298160918,-0.9999718495777986,-99.99718495777987
HSI_main_v2b_baseline,2018-06,2018-07,accident_zone,0.09990500000000001,9.9905,0.000766710980631596,-0.9992332890193684,-99.92332890193684,-0.9999690372098686,-99.99690372098686
HSI_main_v2b_baseline,2018-07,2018-08,conflict,0.4570666666666666,45.70666666666666,0.0011171490128456106,-0.9988828509871543,-99.88828509871543,-0.9999548851505925,-99.99548851505925
HSI_main_v2b_baseline,2018-08,2018-09,conflict,0.19346666666666668,19.346666666666668,0.001333280108530808,-0.9986667198914692,-99.86667198914691,-0.9999461569310605,-99.99461569310604
HSI_main_v2b_baseline,2018-09,2018-10,neutral_watch,-3.8648000000000002,-386.48,-0.0038195808549190595,-1.003819580854919,-100.3819580854919,-1.000154249623898,-100.0154249623898
HSI_main_v2b_baseline,2018-10,2018-11,accident_zone,0.505395,50.539500000000004,-0.005749977921090878,-1.0057499779210908,-100.57499779210907,-1.000232206612568,-100.0232206612568
HSI_main_v2b_baseline,2018-11,2018-12,conflict,-0.5633666666666666,-56.33666666666666,-0.0025106320262789808,-1.0025106320262789,-100.25106320262789,-1.0001013891472676,-100.01013891472677
HSI_main_v2b_baseline,2018-12,2019-01,risk_warning,1.9863800000000003,198.63800000000003,-0.007497701270639024,-1.007497701270639,-100.7497701270639,-1.0003027865216167,-100.03027865216167
HSI_main_v2b_baseline,2019-01,2019-02,risk_relief,-0.1679,-16.79,-0.0062388372272987325,-1.0062388372272988,-100.62388372272989,-1.0002519486646373,-100.02519486646374
HSI_main_v2b_baseline,2019-02,2019-03,risk_relief,-0.5060333333333334,-50.603333333333346,-0.003081777629044663,-1.0030817776290446,-100.30817776290446,-1.000124454242042,-100.0124454242042
HSI_main_v2b_baseline,2019-03,2019-04,conflict,1.0081333333333333,100.81333333333333,-0.006188620382805556,-1.0061886203828057,-100.61886203828057,-1.0002499207119193,-100.02499207119193
HSI_main_v2b_baseline,2019-04,2019-05,risk_relief,-2.282333333333333,-228.2333333333333,0.007935874204217656,-0.9920641257957823,-99.20641257957823,-0.9996795183404154,-99.96795183404153
HSI_main_v2b_baseline,2019-05,2019-06,risk_warning,1.31618,131.618,0.01838091311432485,-0.9816190868856751,-98.16190868856751,-0.9992577067897034,-99.92577067897034
HSI_main_v2b_baseline,2019-06,2019-07,risk_relief,-1.0354,-103.54,-0.0006506843242471015,-1.000650684324247,-100.06506843242471,-1.0000262771796444,-100.00262771796444
HSI_main_v2b_baseline,2019-07,2019-08,neutral_watch,-0.8134333333333333,-81.34333333333333,-0.00012139600542703423,-1.000121396005427,-100.0121396005427,-1.0000049024458157,-100.00049024458157
HSI_main_v2b_baseline,2019-08,2019-09,risk_warning,1.10186,110.186,-0.0002551574079668662,-1.0002551574079668,-100.02551574079668,-1.0000103042547621,-100.00103042547622
HSI_main_v2b_baseline,2019-09,2019-10,risk_relief,0.24146666666666664,24.146666666666665,-0.0003167694167439321,-1.0003167694167439,-100.03167694167439,-1.000012792388812,-100.0012792388812
HSI_main_v2b_baseline,2019-10,2019-11,risk_relief,0.18933333333333333,18.933333333333334,-0.0003767444263141166,-1.000376744426314,-100.03767444263141,-1.0000152144144272,-100.00152144144272
HSI_main_v2b_baseline,2019-11,2019-12,conflict,2.5667333333333335,256.67333333333335,-0.0013437469034821034,-1.001343746903482,-100.13437469034821,-1.0000542657590843,-100.00542657590843
HSI_main_v2b_baseline,2019-12,2020-01,risk_relief,-0.7946,-79.46,-0.0002760056139752241,-1.0002760056139752,-100.02760056139752,-1.000011146186916,-100.00111461869159
HSI_main_v2b_baseline,2020-01,2020-02,accident_zone,-0.26371500000000003,-26.371500000000005,-0.00020321879348574786,-1.0002032187934857,-100.02032187934857,-1.0000082067702334,-100.00082067702334
HSI_main_v2b_baseline,2020-02,2020-03,accident_zone,-1.0647050000000002,-106.47050000000003,1.3149272032495363e-05,-0.9999868507279676,-99.99868507279676,-0.9999994689809321,-99.9999468980932
HSI_main_v2b_baseline,2020-03,2020-04,accident_zone,1.1077,110.77,2.7714720662890477e-05,-0.9999722852793371,-99.99722852793371,-0.9999988807711104,-99.99988807711104
HSI_main_v2b_baseline,2020-04,2020-05,conflict,1.4604,146.04,6.818929871897572e-05,-0.999931810701281,-99.9931810701281,-0.9999972462492402,-99.99972462492403
HSI_main_v2b_baseline,2020-05,2020-06,neutral_watch,1.6215666666666664,162.15666666666664,0.00017876279254504278,-0.999821237207455,-99.98212372074549,-0.9999927808587998,-99.99927808587998
HSI_main_v2b_baseline,2020-06,2020-07,conflict,2.392066666666666,239.20666666666662,0.000606375309832288,-0.9993936246901677,-99.93936246901677,-0.999975512191773,-99.99755121917731
HSI_main_v2b_baseline,2020-07,2020-08,risk_relief,0.7706666666666666,77.06666666666666,0.0010736885486097047,-0.9989263114513903,-99.89263114513903,-0.9999566402542328,-99.99566402542328
HSI_main_v2b_baseline,2020-08,2020-09,risk_relief,0.5122333333333333,51.22333333333333,0.0016236676128258824,-0.9983763323871742,-99.83763323871742,-0.999934429947126,-99.9934429947126
HSI_main_v2b_baseline,2020-09,2020-10,risk_relief,-1.0039666666666667,-100.39666666666666,-6.440548197542679e-06,-1.0000064405481977,-100.00064405481976,-1.000000260094543,-100.0000260094543
HSI_main_v2b_baseline,2020-10,2020-11,conflict,4.991633333333333,499.1633333333333,-3.858940326533663e-05,-1.0000385894032653,-100.00385894032652,-1.0000015583911341,-100.00015583911342
HSI_main_v2b_baseline,2020-11,2020-12,risk_relief,4.653099999999999,465.30999999999995,-0.00021814975559927448,-1.0002181497555993,-100.02181497555993,-1.0000088097409199,-100.00088097409198
HSI_main_v2b_baseline,2020-12,2021-01,risk_relief,1.4718666666666664,147.18666666666664,-0.0005392371092073265,-1.0005392371092072,-100.05392371092073,-1.000021776504922,-100.0021776504922
HSI_main_v2b_baseline,2021-01,2021-02,conflict,0.46913333333333335,46.913333333333334,-0.0007922112117067902,-1.0007922112117067,-100.07922112117068,-1.0000319925892645,-100.00319925892644
HSI_main_v2b_baseline,2021-02,2021-03,conflict,0.338,33.800000000000004,-0.0010599786012636854,-1.0010599786012637,-100.10599786012637,-1.0000428060844357,-100.00428060844358
HSI_main_v2b_baseline,2021-03,2021-04,conflict,0.6587333333333333,65.87333333333333,-0.001758221838536117,-1.0017582218385361,-100.17582218385361,-1.000071003879123,-100.00710038791229
HSI_main_v2b_baseline,2021-04,2021-05,conflict,0.32609999999999995,32.60999999999999,-0.0023315779800827446,-1.0023315779800828,-100.23315779800828,-1.000094158244105,-100.0094158244105
HSI_main_v2b_baseline,2021-05,2021-06,conflict,0.7610666666666666,76.10666666666665,-0.004106064261457719,-1.0041060642614577,-100.41060642614576,-1.0001658189450853,-100.01658189450853
HSI_main_v2b_baseline,2021-06,2021-07,conflict,-0.8608666666666666,-86.08666666666666,-0.0005712904075774844,-1.0005712904075774,-100.05712904075774,-1.0000230709425595,-100.00230709425595
HSI_main_v2b_baseline,2021-07,2021-08,risk_warning,-0.15566000000000002,-15.566000000000003,-0.0004823633427339731,-1.000482363342734,-100.0482363342734,-1.0000194797196407,-100.00194797196407
HSI_main_v2b_baseline,2021-08,2021-09,accident_zone,-0.687655,-68.7655,-0.00015066377828624282,-1.0001506637782862,-100.01506637782862,-1.0000060843930312,-100.00060843930312
HSI_main_v2b_baseline,2021-09,2021-10,accident_zone,-0.86981,-86.981,-1.9614917295085958e-05,-1.000019614917295,-100.0019614917295,-1.0000007921271288,-100.00007921271288
HSI_main_v2b_baseline,2021-10,2021-11,accident_zone,0.13263999999999998,13.263999999999998,-2.2216639925106156e-05,-1.000022216639925,-100.00222166399251,-1.000000897194871,-100.00008971948711
HSI_main_v2b_baseline,2021-11,2021-12,accident_zone,0.83485,83.485,-4.076420176658103e-05,-1.0000407642017666,-100.00407642017666,-1.0000016462180092,-100.00016462180092
HSI_main_v2b_baseline,2021-12,2022-01,conflict,-3.2574666666666663,-325.7466666666666,9.20238266813311e-05,-0.9999079761733187,-99.99079761733188,-0.9999962837177181,-99.9996283717718
HSI_main_v2b_baseline,2022-01,2022-02,accident_zone,0.176905,17.6905,0.000108303301740392,-0.9998916966982596,-99.98916966982596,-0.9999956262888011,-99.99956262888011
HSI_main_v2b_baseline,2022-02,2022-03,accident_zone,-0.28612999999999994,-28.612999999999992,7.731447801341364e-05,-0.9999226855219866,-99.99226855219867,-0.9999968777387864,-99.99968777387865
HSI_main_v2b_baseline,2022-03,2022-04,conflict,-1.1996333333333333,-119.96333333333334,-1.5434546960744476e-05,-1.0000154345469607,-100.00154345469608,-1.0000006233074137,-100.00006233074137
HSI_main_v2b_baseline,2022-04,2022-05,neutral_watch,0.025199999999999993,2.519999999999999,-1.5823497544155236e-05,-1.0000158234975443,-100.00158234975443,-1.0000006390147604,-100.00006390147604
HSI_main_v2b_baseline,2022-05,2022-06,conflict,-4.7185999999999995,-471.85999999999996,5.8841257967695655e-05,-0.9999411587420323,-99.99411587420323,-0.9999976237597119,-99.99976237597119
HSI_main_v2b_baseline,2022-06,2022-07,accident_zone,1.428625,142.8625,0.00014290335013179487,-0.9998570966498682,-99.98570966498683,-0.9999942290034303,-99.99942290034302
HSI_main_v2b_baseline,2022-07,2022-08,risk_relief,-0.7096666666666666,-70.96666666666665,4.148960598826446e-05,-0.9999585103940117,-99.99585103940117,-0.9999983244873293,-99.99983244873293
HSI_main_v2b_baseline,2022-08,2022-09,risk_relief,-4.395733333333333,-439.5733333333333,-0.0001408876380412159,-1.0001408876380413,-100.01408876380412,-1.0000056895942264,-100.00056895942264
HSI_main_v2b_baseline,2022-09,2022-10,accident_zone,0.8427600000000001,84.27600000000001,-0.00025962210387683106,-1.0002596221038769,-100.02596221038769,-1.0000104845566569,-100.00104845566568
HSI_main_v2b_baseline,2022-10,2022-11,risk_relief,3.077833333333333,307.7833333333333,-0.0010586956692590708,-1.001058695669259,-100.1058695669259,-1.0000427542746202,-100.00427542746202
HSI_main_v2b_baseline,2022-11,2022-12,risk_relief,-2.529866666666667,-252.98666666666668,0.0016196632145438108,-0.9983803367854562,-99.83803367854563,-0.9999345916604009,-99.99345916604008
HSI_main_v2b_baseline,2022-12,2023-01,conflict,3.592566666666666,359.2566666666666,0.007438411290340087,-0.9925615887096599,-99.25615887096599,-0.9996996078398352,-99.96996078398352
HSI_main_v2b_baseline,2023-01,2023-02,risk_relief,-0.5501333333333334,-55.013333333333335,0.0033462932924809936,-0.996653706707519,-99.6653706707519,-0.9998648635802139,-99.98648635802138
HSI_main_v2b_baseline,2023-02,2023-03,risk_relief,1.625033333333333,162.5033333333333,0.008784131435872356,-0.9912158685641277,-99.12158685641276,-0.999645262393514,-99.9645262393514
HSI_main_v2b_baseline,2023-03,2023-04,risk_relief,0.5559999999999999,55.599999999999994,0.013668108514217387,-0.9863318914857826,-98.63318914857825,-0.9994480282843079,-99.9448028284308
HSI_main_v2b_baseline,2023-04,2023-05,risk_relief,1.3570333333333335,135.70333333333335,0.03221618737162753,-0.9677838126283724,-96.77838126283724,-0.9986989842670565,-99.86989842670565
HSI_main_v2b_baseline,2023-05,2023-06,risk_relief,-0.0771,-7.71,0.029732319325275047,-0.9702676806747249,-97.02676806747249,-0.9987992925800665,-99.87992925800665
HSI_main_v2b_baseline,2023-06,2023-07,risk_relief,0.7302666666666667,73.02666666666667,0.05144484105121257,-0.9485551589487874,-94.85551589487874,-0.9979224559748696,-99.79224559748697
HSI_main_v2b_baseline,2023-07,2023-08,conflict,-0.7052999999999999,-70.52999999999999,0.015160794657792347,-0.9848392053422077,-98.48392053422077,-0.9993877477757941,-99.93877477757941
HSI_main_v2b_baseline,2023-08,2023-09,conflict,-0.7256666666666667,-72.56666666666666,0.004159111334454367,-0.9958408886655457,-99.58408886655457,-0.9998320388064929,-99.98320388064928
HSI_main_v2b_baseline,2023-09,2023-10,conflict,-2.1648,-216.48000000000002,-0.004844532882372447,-1.0048445328823725,-100.48445328823725,-1.0001956411981971,-100.01956411981972
HSI_main_v2b_baseline,2023-10,2023-11,accident_zone,2.07873,207.87300000000002,-0.014915008720946525,-1.0149150087209464,-101.49150087209465,-1.0006023264261255,-100.06023264261255
HSI_main_v2b_baseline,2023-11,2023-12,conflict,2.7733999999999996,277.34,-0.056280293907619613,-1.0562802939076197,-105.62802939076197,-1.0022728185363419,-100.22728185363418
HSI_main_v2b_baseline,2023-12,2024-01,risk_relief,-1.9785999999999997,-197.85999999999996,0.055075895617996536,-0.9449241043820035,-94.49241043820035,-0.9977758197803359,-99.7775819780336
HSI_main_v2b_baseline,2024-01,2024-02,risk_warning,1.24218,124.218,0.12349007163675949,-0.8765099283632405,-87.65099283632405,-0.9950129875950735,-99.50129875950735
HSI_main_v2b_baseline,2024-02,2024-03,risk_relief,2.1855333333333333,218.55333333333334,0.3933817395346186,-0.6066182604653814,-60.66182604653814,-0.9841137057503597,-98.41137057503597
HSI_main_v2b_baseline,2024-03,2024-04,risk_relief,-0.7894666666666666,-78.94666666666666,0.08281996889668837,-0.9171800311033116,-91.71800311033115,-0.996655405517309,-99.6655405517309
HSI_main_v2b_baseline,2024-04,2024-05,conflict,-0.29309999999999997,-29.31,0.05854543601306902,-0.941454563986931,-94.1454563986931,-0.9976357061601858,-99.76357061601858
HSI_main_v2b_baseline,2024-05,2024-06,risk_warning,1.91898,191.898,0.1708929568134282,-0.8291070431865718,-82.91070431865718,-0.9930986735674591,-99.30986735674591
HSI_main_v2b_baseline,2024-06,2024-07,risk_relief,0.11356666666666666,11.356666666666666,0.19030070027553986,-0.8096992997244601,-80.96992997244601,-0.9923149129289368,-99.23149129289368
HSI_main_v2b_baseline,2024-07,2024-08,conflict,-1.3545666666666665,-135.45666666666665,-0.06747428496103054,-1.0674742849610306,-106.74742849610305,-1.00272487570583,-100.272487570583
HSI_main_v2b_baseline,2024-08,2024-09,accident_zone,-0.05982499999999999,-5.982499999999999,-0.06343763586323689,-1.063437635863237,-106.34376358632369,-1.0025618600167288,-100.25618600167287
HSI_main_v2b_baseline,2024-09,2024-10,accident_zone,-0.13340500000000002,-13.340500000000002,-0.05497473805090177,-1.0549747380509018,-105.49747380509018,-1.002220095081197,-100.2220095081197
HSI_main_v2b_baseline,2024-10,2024-11,accident_zone,0.226355,22.6355,-0.06741854488241365,-1.0674185448824136,-106.74185448824136,-1.0027226247033014,-100.27226247033015
HSI_main_v2b_baseline,2024-11,2024-12,accident_zone,-0.15591999999999998,-15.591999999999997,-0.05690664536434772,-1.0569066453643476,-105.69066453643477,-1.0022981130595625,-100.22981130595625
HSI_main_v2b_baseline,2024-12,2025-01,accident_zone,0.84058,84.05799999999999,-0.10474123332471112,-1.104741233324711,-110.47412333247111,-1.0042298609351696,-100.42298609351697
HSI_main_v2b_baseline,2025-01,2025-02,conflict,0.4764999999999999,47.64999999999999,-0.15465043100393597,-1.154650431003936,-115.4650431003936,-1.0062453896707781,-100.62453896707781
HSI_main_v2b_baseline,2025-02,2025-03,neutral_watch,0.20983333333333332,20.98333333333333,-0.18710124644292853,-1.1871012464429285,-118.71012464429285,-1.007555880603363,-100.75558806033631
HSI_main_v2b_baseline,2025-03,2025-04,neutral_watch,0.941,94.1,-0.3631635193457242,-1.3631635193457243,-136.31635193457242,-1.0146659642511275,-101.46659642511275
HSI_main_v2b_baseline,2025-04,2025-05,conflict,2.197733333333333,219.77333333333328,-1.161300091262467,-2.1613000912624667,-216.13000912624668,-1.0468978427513056,-104.68978427513056
HSI_main_v2b_baseline,2025-05,2025-06,risk_relief,5.177566666666666,517.7566666666667,-7.174008733779973,-8.174008733779974,-817.4008733779974,-1.289714550119041,-128.9714550119041
HSI_main_v2b_baseline,2025-06,2025-07,risk_relief,2.066666666666667,206.66666666666669,-22.000293450258585,-23.000293450258585,-2300.0293450258587,-1.8884579536983923,-188.84579536983924
HSI_main_v2b_baseline,2025-07,2025-08,risk_relief,-0.4023333333333334,-40.233333333333334,-13.148842052104545,-14.148842052104545,-1414.8842052104544,-1.5310017036604058,-153.10017036604057
HSI_main_v2b_baseline,2025-08,2025-09,conflict,3.3659999999999997,336.59999999999997,-57.40784439948844,-58.40784439948844,-5840.784439948844,-3.3183534381813313,-331.83534381813314
HSI_main_v2b_baseline,2025-09,2025-10,risk_relief,7.450933333333333,745.0933333333334,-485.14986583045015,-486.14986583045015,-48614.986583045014,-20.59225034917455,-2059.2250349174546
HSI_main_v2b_baseline,2025-10,2025-11,risk_relief,-1.5812000000000002,-158.12,281.9691020206577,280.9691020206577,28096.91020206577,0.0,0.0
HSI_main_v2b_baseline,2025-11,2025-12,risk_warning,1.5631200000000003,156.31200000000004,722.7206447711883,721.7206447711883,72172.06447711882,0.0,0.0
HSI_main_v2b_baseline,2025-12,2026-01,risk_relief,8.9842,898.42,7215.787461524498,7214.787461524498,721478.7461524499,0.0,0.0
HSI_main_v2b_baseline,2026-01,2026-02,risk_relief,7.5317333333333325,753.1733333333333,61563.174411737265,61562.174411737265,6156217.441173727,0.0,0.0
HSI_main_v2b_baseline,2026-02,2026-03,risk_relief,-6.985,-698.5,-368455.59885424754,-368456.59885424754,-36845659.885424756,-6.985,-698.5
HSI_main_v2b_baseline,2026-03,2026-04,accident_zone,3.4898599999999997,348.986,-1654314.055071732,-1654315.055071732,-165431505.5071732,-27.871812100000003,-2787.18121
HSI_main_v2b_baseline,2026-04,2026-05,risk_relief,11.706299999999999,1170.6299999999999,-21020210.67795795,-21020211.67795795,-2102021167.7957947,-342.44130608623004,-34244.130608623
HSI_main_v2b_baseline,2026-05,2026-06,risk_relief,0.5850666666666666,58.50666666666666,-33318435.271941878,-33318436.271941878,-3331843627.1941876,-542.2072329004137,-54220.72329004137
