Date,strategy,r2,market_ret_beta,bond_ret_beta,realized_vol_beta,stock_bond_corr_6m_beta
2018-07-31,HSI_baseline,0.44576009690341234,-0.0018514763114475803,0.0003378828082808731,0.00023838112884498716,0.00044074737058243807
2018-08-31,HSI_baseline,0.4323459287358693,-0.0015123412031525251,0.00044003614456231783,-0.00010640286594641247,0.0002898498452631697
2018-09-30,HSI_baseline,0.4327078956128644,-0.0013529912788033953,0.0004963516889499677,8.666276961152755e-05,0.0002799693790248232
2018-10-31,HSI_baseline,0.2438110370534824,-0.0006436796065485391,0.0003703358431903949,6.500192444121604e-05,9.773411063306336e-05
2018-11-30,HSI_baseline,0.253766507799961,-0.0006991188030127212,0.0004886328279358231,-0.0001326186121261532,6.06761932542588e-05
2018-12-31,HSI_baseline,0.2468718610950551,-0.0007003664853980271,0.0004569712922728748,-0.00015416431700230855,5.347395020516113e-05
2019-01-31,HSI_baseline,0.3376238137033232,-0.0010839011624034299,0.0003931392144537119,-0.00039043995837907263,8.182135745723878e-05
2019-02-28,HSI_baseline,0.33586299517514817,-0.0010815877046872243,0.0003940857647797897,-0.00038669817187101784,8.322240948555114e-05
2019-03-31,HSI_baseline,0.34656708670816616,-0.0010962889128827793,0.0003336548579182931,-0.00026992800287621316,0.00013524806433323216
2019-04-30,HSI_baseline,0.33797620022646635,-0.001071278981674752,0.00034004978803031064,-0.00027258984382864417,0.00011400857731971132
2019-05-31,HSI_baseline,0.31382675314875774,-0.0009799307734148274,0.0002926531635408698,-0.00020968900146466226,0.0001335576991853153
2019-06-30,HSI_baseline,0.33543414358474477,-0.001078372720452137,0.00014997147850197702,-0.00016496591367456265,0.0001775716455144376
2019-07-31,HSI_baseline,0.34542469949939003,-0.00109459328883426,0.0001094258417835809,-0.00014588435567280294,0.00018975297801810244
2019-08-31,HSI_baseline,0.3511064768354759,-0.0011144617126079138,0.0002244453416258507,-3.606758339331432e-05,0.00021109932919177076
2019-09-30,HSI_baseline,0.4011789356636867,-0.00122991506542341,0.0004351508616629984,3.293003623549271e-05,0.0003586445076389714
2019-10-31,HSI_baseline,0.3995609468722986,-0.001215534053345548,0.00042432535462192213,5.015165871448553e-05,0.00034155653408314936
2019-11-30,HSI_baseline,0.39965022408015394,-0.0011914497080522844,0.0005075336849507524,1.695724401893652e-05,0.0003079915090889901
2019-12-31,HSI_baseline,0.36437028112750436,-0.0010689657233982175,0.0005459033346226279,1.438063840382604e-05,0.0002090339413687351
2020-01-31,HSI_baseline,0.37157724310140183,-0.0010559375859266957,0.0005005897148933429,0.0001714727212171383,0.0003149422853158014
2020-02-29,HSI_baseline,0.43215479452709293,-0.001000912855746385,0.000520360552929628,0.0007294325909139582,0.0004195574028512354
2020-03-31,HSI_baseline,0.5587068591271627,-0.0010330587818859751,0.0003575899927008896,0.0009212996500385033,0.0003764035739302358
2020-04-30,HSI_baseline,0.42907840142549714,-0.002196038713032288,-0.0004370526480392005,0.00010234481822415649,-0.00021297465287082608
2020-05-31,HSI_baseline,0.454810855760893,-0.0023233263832743763,-0.0003428544075542516,4.8301150369209215e-05,-0.00027739360253189603
2020-06-30,HSI_baseline,0.45046602516235335,-0.0021945382919212448,-0.000323144016310606,0.00023652482159764875,-0.0003197370344472023
2020-07-31,HSI_baseline,0.42607594851957986,-0.002045624062442874,-0.00016483572841739251,0.0002657115011448076,-0.00025501075835486953
2020-08-31,HSI_baseline,0.42841672589490065,-0.0020665337930395374,-0.00015701699881193507,0.0002474302061402484,-0.00022565717107691022
2020-09-30,HSI_baseline,0.4236002585282439,-0.002075278026439127,-0.00011745077768485873,0.00022971885317777784,-0.00015090672383371662
2020-10-31,HSI_baseline,0.4503350154422723,-0.0022011796944808445,0.00013927854194760233,0.0001990711397466976,7.647585749985617e-05
2020-11-30,HSI_baseline,0.5234060347794856,-0.0026654744919612093,0.0003288489240768803,0.00010573803856135959,-1.125127387501348e-05
2020-12-31,HSI_baseline,0.5580904467699397,-0.0027531875308766203,0.00033652058655597516,8.24724448583382e-05,1.9800243070786962e-05
2021-01-31,HSI_baseline,0.5583164319602669,-0.002722629532314443,7.243569676092605e-05,6.935856847533738e-05,-0.00029233540565979234
2021-02-28,HSI_baseline,0.5416731572424583,-0.002734077356744559,1.3405512793733526e-05,8.868868871850276e-05,-0.00031239946625273216
2021-03-31,HSI_baseline,0.5400246459433902,-0.0027932327690252754,-6.428480599806469e-05,2.550669345971566e-05,-0.00013915400675936548
2021-04-30,HSI_baseline,0.5388358032109469,-0.002827201778029052,-7.096356636181138e-05,-1.6387512757569996e-05,-3.4720190889465604e-05
2021-05-31,HSI_baseline,0.5464718924769218,-0.0029363163878951344,-0.00015884950497829515,-0.00011531717968266565,-5.7509674516992575e-05
2021-06-30,HSI_baseline,0.538316421080721,-0.002896134884754267,-9.01820324186678e-05,-6.363030865245414e-05,-0.00015510779402484298
2021-07-31,HSI_baseline,0.535487363869042,-0.0028686855743932814,-0.00010706539448910576,-1.4288871892894576e-05,-4.130699796502091e-05
2021-08-31,HSI_baseline,0.5384446527690702,-0.00286730538633376,-0.000242829527035802,8.434412551259086e-06,-0.00016192777595879328
2021-09-30,HSI_baseline,0.5467124855752589,-0.0028812361448336704,-0.00027962960521077385,9.056630447281527e-06,-0.00015850814100810647
2021-10-31,HSI_baseline,0.6457659618141582,-0.0034958430500268978,-8.70324778341966e-05,-2.09505095124388e-05,0.00016953698334081207
2021-11-30,HSI_baseline,0.6543505672859163,-0.0035829892955030656,0.00010817535046753375,-9.663295037848916e-05,0.0003307115225878452
2021-12-31,HSI_baseline,0.6612376291164881,-0.003615904327149935,0.0001219858143029608,-9.550140653291064e-05,0.0003338195482545679
2022-01-31,HSI_baseline,0.6217337335074441,-0.003422311953012143,0.0003740724180161955,-6.916545784509294e-05,0.0001172988474759045
2022-02-28,HSI_baseline,0.6215014266288752,-0.0034256288178638656,0.00037498772396002693,-7.303005099869872e-05,0.00011515704771516557
2022-03-31,HSI_baseline,0.6247983394018943,-0.0034657441191815047,0.00040119921087113314,-0.00011636520162130884,9.195110525281847e-05
2022-04-30,HSI_baseline,0.6317232539735187,-0.003474587538756047,0.00046048373363370677,-8.483716522303874e-05,0.00016802788142164838
2022-05-31,HSI_baseline,0.6785054856550737,-0.0037895345417628275,0.0006042404818211115,-0.00023314058114357224,-2.0892901048200465e-05
2022-06-30,HSI_baseline,0.6305433550954077,-0.003451844233672453,0.0008103197859185875,-0.00016502014771998912,-0.0002351563541655486
2022-07-31,HSI_baseline,0.6334213487933784,-0.0035418001712051706,0.00036573300094318566,-0.00016674886901779217,-0.0008778892658141636
2022-08-31,HSI_baseline,0.6220136113429879,-0.003519860471929282,0.000283355452507893,-0.00016704788881148624,-0.0008104372913934192
2022-09-30,HSI_baseline,0.5875159426945658,-0.00319600754978968,0.00022257833546296033,-0.00014994046935583923,-0.0012047682728972156
2022-10-31,HSI_baseline,0.5914445008013988,-0.003171056980732543,0.00021995453820071323,-0.00014694112711560866,-0.0011951753426053206
2022-11-30,HSI_baseline,0.5695664877172337,-0.0031799377147450195,0.000489438987536615,-0.0001568207525193652,-0.0009279690765395339
2022-12-31,HSI_baseline,0.5882061005131618,-0.0032383155485175663,0.0005155396308757529,-2.1854457785196657e-05,-0.0006285390201014875
2023-01-31,HSI_baseline,0.5586368153647534,-0.003191750749532166,0.0006767518215720879,-2.4948233580289556e-05,-0.00043104135828847057
2023-02-28,HSI_baseline,0.5286848901753196,-0.0031165600712657394,0.0005977226597335874,-9.838295991354724e-05,-0.0002057382710754876
2023-03-31,HSI_baseline,0.49264907272973724,-0.0028857762958254636,0.0005478732911478263,-0.0009981224195866134,-8.487887678955983e-05
2023-04-30,HSI_baseline,0.47706279741003377,-0.002570729357256757,0.0005364264686817205,0.00033190322211930487,-0.00027511205803946266
2023-05-31,HSI_baseline,0.4696956818960425,-0.002523737720213519,0.00048792943878723334,5.61612288358139e-05,-0.00021683591039781212
2023-06-30,HSI_baseline,0.5004189031559458,-0.002605147149489747,0.0005018158837611145,-0.0007971028512419112,-0.00015107736963594675
2023-07-31,HSI_baseline,0.5308924737856751,-0.002731033085556304,0.0005203079633621978,-0.0008020647344588268,-0.00010683017419506682
2023-08-31,HSI_baseline,0.5317597071734744,-0.0027327133483774106,0.0005300708647576255,-0.0008658805003379007,-7.953261181657223e-05
2023-09-30,HSI_baseline,0.5346241154238549,-0.0027244529024260974,0.0005161756995618054,-0.0008983443665711202,-5.569323882832658e-05
2023-10-31,HSI_baseline,0.5388016188131053,-0.002868378388165641,0.0005574208267237026,-0.0006685985786923165,-0.00020702022884547407
2023-11-30,HSI_baseline,0.47545014252196105,-0.0021325759966212636,8.993365101217797e-05,-0.0008952748836152929,-0.0007206594330106347
2023-12-31,HSI_baseline,0.37512964973163054,-0.0015893330175960534,-4.2061074607258064e-05,-0.0008389223473045811,-0.0008040341119487415
2024-01-31,HSI_baseline,0.36306884641617476,-0.0015213783965225352,-6.45639480466273e-05,-0.0006986601252998899,-0.0008640820526856693
2024-02-29,HSI_baseline,0.3871281597696482,-0.0016590275522776247,-1.189880609994042e-05,-0.0010819872767846347,-0.0007734671468014325
2024-03-31,HSI_baseline,0.3682566662946283,-0.0015659561146468147,-2.6507706795558518e-05,-0.0009583817668813691,-0.0007733461888114082
2024-04-30,HSI_baseline,0.36766104539967814,-0.001565655062328909,-2.9001136953404118e-05,-0.0009375917681654247,-0.0007752207565569876
2024-05-31,HSI_baseline,0.3695242982603668,-0.0015744761218598796,-2.0838048423354186e-05,-0.0009131737263205605,-0.0007838379909817036
2024-06-30,HSI_baseline,0.3815765273207772,-0.001674985011606339,-8.176667259459882e-05,-0.001013717236787425,-0.0006673176769413271
2024-07-31,HSI_baseline,0.4078098942449374,-0.0017355065418256895,-2.4250177328186335e-05,-0.0011666013426686,-0.0011135625572777155
2024-08-31,HSI_baseline,0.4202240299992902,-0.001654827134138722,-1.1750060857636062e-05,-0.0006091135219983505,-0.001907676639424257
2024-09-30,HSI_baseline,0.4020915663528857,-0.0017706327874591598,7.265208211755064e-05,-0.00032733774286645886,-0.002013417359675516
2024-10-31,HSI_baseline,0.39742751953710576,-0.0018455439928810465,0.00016689276681501413,-0.00039727715603962835,-0.0019221468438221669
2024-11-30,HSI_baseline,0.3968660687278329,-0.001888035014215393,0.00019828087064330016,-0.00037591578290696245,-0.0020246621398635747
2024-12-31,HSI_baseline,0.38273727727916573,-0.0018238403384477511,0.00018017919524382733,-0.0004883799205119032,-0.0016652893121001388
2025-01-31,HSI_baseline,0.36753377783927965,-0.0020883334103879814,0.00017483790392889355,-0.00037949072315791204,-0.0009658584158972114
2025-02-28,HSI_baseline,0.36849737154049766,-0.0021031377503938613,0.0001815619111021017,-0.00040059603727403957,-0.0009414985558069235
2025-03-31,HSI_baseline,0.36748967305597047,-0.002116764675657846,0.0001898586283299883,-0.0004050414348741045,-0.0008949228034529886
2025-04-30,HSI_baseline,0.36789732878855086,-0.002098738543827328,0.00017146660334220378,-0.0003620266105745605,-0.0009229560732461615
2025-05-31,HSI_baseline,0.36238215068360213,-0.001969064187956092,0.00010494209275035805,-0.0003919672219729267,-0.0010751979070986347
2025-06-30,HSI_baseline,0.4707339963673274,-0.002770275185935144,0.00025286519277267945,-0.00043056315472674413,-0.0004288931863283994
2025-07-31,HSI_baseline,0.5030822869904454,-0.002879585913764749,0.00062192989862064,-0.000512952156360644,-0.00012276523878986673
2025-08-31,HSI_baseline,0.516967339948382,-0.002992374587277196,0.0008313179040091341,-0.0005646520109270738,-0.0002505617470615184
2025-09-30,HSI_baseline,0.5101797773111035,-0.002909964815936243,0.00040975153479988545,-0.00035475924284861563,-0.0003291794898673745
2025-10-31,HSI_baseline,0.6341607512278387,-0.003370221193640716,0.0006234363481451798,-0.0006529023176426068,-0.00021007478945727276
2025-11-30,HSI_baseline,0.6511512260874577,-0.0034283492034417715,0.0003573122767472326,-0.00045459131738125914,-0.00026611904380040687
2025-12-31,HSI_baseline,0.6842420933163214,-0.003769765804152629,0.0003313781505781162,-0.000660625195777301,-0.00016504966495233192
2026-01-31,HSI_baseline,0.5164484933404708,-0.0027842832386968247,-0.0004496391063092234,-0.000400760876504538,-2.213276497898425e-05
2026-02-28,HSI_baseline,0.5974567530238255,-0.003000949029502416,-0.0005457489505274636,-0.0009445822531718687,-0.00013319062470038717
2026-03-31,HSI_baseline,0.6575710638314667,-0.003154850048225618,-0.0012619852407135972,-0.0002451031040713401,0.00011532227831575928
2026-04-30,HSI_baseline,0.6720171514108082,-0.004435408393376715,-0.0007509388106342746,-0.0009363961078762578,-0.0011804842884235653
2026-05-31,HSI_baseline,0.7252534780425763,-0.004606409273928277,-0.000580225705172824,-0.0009871501982596479,-0.0014144994932814986
2026-06-30,HSI_baseline,0.7237227794446113,-0.0045987103616483985,-0.0006229174196384301,-0.0009095420016891659,-0.0013208071709374992
2018-07-31,lambda_0.1,0.9072358775093677,-0.0016043443762725918,2.125049342171256e-05,0.00022886927922275866,0.00015606299728937405
2018-08-31,lambda_0.1,0.8975708914253084,-0.0015906582292215259,2.2813034354807844e-05,0.0002162227674518826,0.00015000605014811418
2018-09-30,lambda_0.1,0.8969220031120148,-0.001573916073381084,3.031904222084011e-05,0.00023580167073611053,0.0001497511647668729
2018-10-31,lambda_0.1,0.9414711434488151,-0.001423488039195115,-1.487860114607895e-05,0.0002493984838569495,0.00010646278486060043
2018-11-30,lambda_0.1,0.9415328079512011,-0.0014371181280351032,2.2628734956015115e-05,0.0001928450266642554,9.539720026739656e-05
2018-12-31,lambda_0.1,0.943940147038464,-0.0014387227391841713,7.642223877456483e-06,0.0001836478393250563,9.22867965899675e-05
2019-01-31,lambda_0.1,0.9565314993246,-0.0014853329307203261,2.3031097029348494e-05,6.943235645308647e-05,7.768149698228913e-05
2019-02-28,lambda_0.1,0.956928797337041,-0.0014780702075295887,2.7582467176912127e-05,8.287489833463133e-05,8.142358147492571e-05
2019-03-31,lambda_0.1,0.9597119473048115,-0.001463041174876461,3.269298239942783e-05,4.625599848701609e-05,6.257266237934251e-05
2019-04-30,lambda_0.1,0.9597800803722275,-0.00145912922190647,3.47568259305099e-05,4.512890206092397e-05,5.863655387559956e-05
2019-05-31,lambda_0.1,0.959953835561946,-0.0014258433944944059,2.4715651145927565e-05,7.96547905991588e-05,7.100450467703882e-05
2019-06-30,lambda_0.1,0.9607612761848959,-0.0014226146146614957,2.6101969962039452e-05,6.060239189192135e-05,6.214472745939408e-05
2019-07-31,lambda_0.1,0.9608835521842163,-0.0014163087328065325,1.95517804060586e-05,6.39816424891905e-05,6.230763181674378e-05
2019-08-31,lambda_0.1,0.9609430563530816,-0.0014174762453500337,2.1393378392346187e-05,6.630413108571443e-05,6.144935135034475e-05
2019-09-30,lambda_0.1,0.9600657722280646,-0.0014337018495384805,5.122974004903829e-05,7.645081958830157e-05,8.23763840351212e-05
2019-10-31,lambda_0.1,0.9599671419649193,-0.0014348184504671274,5.78779694904621e-05,7.362898489048585e-05,8.522677851518817e-05
2019-11-30,lambda_0.1,0.9611476583704118,-0.0014483675989256936,3.4656093043767774e-06,0.00010570261084079846,0.00010923303658351565
2019-12-31,lambda_0.1,0.9633995144938312,-0.001464471272524442,-1.5739425294457657e-05,0.00011044399126686015,0.00010328716323730917
2020-01-31,lambda_0.1,0.9634178254818345,-0.0014635354087675523,-1.594577380260737e-05,0.00012300954051011408,0.00010537419082118468
2020-02-29,lambda_0.1,0.962781730703815,-0.0014555157480738879,-1.3017006966153892e-05,0.000205237005717297,0.00012099836333320747
2020-03-31,lambda_0.1,0.9687958667767835,-0.0014626525707789615,-9.060484020621449e-05,0.0003131508590537179,0.0001404651169801801
2020-04-30,lambda_0.1,0.9223314394102153,-0.0017075800440702871,-0.0002585324901537957,0.00013873418887163464,2.652672935430614e-05
2020-05-31,lambda_0.1,0.9304181603133723,-0.0017739406996840246,-0.0003081874594043156,0.00011592550508198341,-3.449728770298587e-05
2020-06-30,lambda_0.1,0.93011515738555,-0.0017955601075376323,-0.0002661502419626606,9.269870298046182e-05,-0.00010808700810731927
2020-07-31,lambda_0.1,0.9340889540925186,-0.001791495556698634,-0.0002622492941095351,0.00010812809759942559,-0.0001543475226508924
2020-08-31,lambda_0.1,0.9345663015434874,-0.001807220377534153,-0.0002335494971635072,9.150257573418822e-05,-0.00014231688045607716
2020-09-30,lambda_0.1,0.9357743951374218,-0.0017985465241085706,-0.0001867568750003416,0.00010315565199689914,-0.00014697252800622684
2020-10-31,lambda_0.1,0.9416534281991351,-0.0018366908890061282,-0.00011220397646577974,9.33830133039268e-05,-7.828710332607861e-05
2020-11-30,lambda_0.1,0.9372488651169797,-0.0019680814330363633,-4.844324419356886e-05,5.445216196267458e-05,-0.00017594487089546396
2020-12-31,lambda_0.1,0.9320633645707126,-0.0020586105558175294,-5.928061843720923e-05,3.049353210817429e-05,-0.00023449999265218137
2021-01-31,lambda_0.1,0.9319399752722684,-0.0020629203687863667,-7.798597653864375e-05,1.764650000191841e-05,-0.00027123335932983223
2021-02-28,lambda_0.1,0.9305740326415379,-0.0020677910019921988,-8.04249536490269e-05,4.031642611857455e-05,-0.0003421748760956768
2021-03-31,lambda_0.1,0.9302773560846748,-0.0020739943291180674,-9.482087989312837e-05,3.4905982157909694e-05,-0.0003295694232731437
2021-04-30,lambda_0.1,0.9300225958602171,-0.002077102490478779,-9.657038948310246e-05,2.8691084051194133e-05,-0.000322445483811038
2021-05-31,lambda_0.1,0.9285764410944869,-0.002103167398638758,-0.0001201655201019672,4.751592276107386e-06,-0.00030169290837065885
2021-06-30,lambda_0.1,0.9270845409254794,-0.002110522293969428,-0.0001213293702252401,-2.3782001438120426e-06,-0.00030527631258065325
2021-07-31,lambda_0.1,0.927783503781736,-0.0021076724225889995,-0.00012336942641829452,2.7772289467454907e-06,-0.00029282143630594354
2021-08-31,lambda_0.1,0.9297075437383691,-0.0021038140637826327,-0.00018842560871311755,2.143741719579876e-05,-0.0003174999508875916
2021-09-30,lambda_0.1,0.9312937656861606,-0.002103948233877808,-0.00018883606165561888,2.3155829519495158e-05,-0.00031669460320447125
2021-10-31,lambda_0.1,0.932826708435656,-0.0021991039018092354,-0.00013309362689876807,1.8720415716174874e-05,-0.00026141689869107646
2021-11-30,lambda_0.1,0.9323130951985177,-0.002250117870090929,-2.8347957219616903e-05,-2.562995708486459e-05,-0.0001725061548117158
2021-12-31,lambda_0.1,0.9319801334614604,-0.002259772330928091,-5.3093066110482473e-05,-1.5345821760003736e-05,-0.0002084319401674804
2022-01-31,lambda_0.1,0.942867050045105,-0.0023817838936299905,-9.296520106756069e-05,-5.004260724609903e-05,-0.000131420103936837
2022-02-28,lambda_0.1,0.9425994058246736,-0.0023840875344170644,-8.810622750162443e-05,-5.205303815325295e-05,-0.00011996911487265451
2022-03-31,lambda_0.1,0.9420666118172053,-0.0023904324764581117,-5.973255412310206e-05,-5.885633814080608e-05,-0.0001271480572564981
2022-04-30,lambda_0.1,0.9455988796998234,-0.002402154779932001,-5.2526183973616945e-05,-5.3883997563676424e-05,-9.523705092918884e-05
2022-05-31,lambda_0.1,0.9604156131237959,-0.0025132096268116974,8.932363920893544e-06,-0.00010771332249198814,-0.00013320237002278944
2022-06-30,lambda_0.1,0.9730584822801238,-0.0025708678463794987,-2.4939175252110214e-05,-8.487108410821067e-05,-5.847113408701709e-05
2022-07-31,lambda_0.1,0.9767596165750533,-0.0026081817205614688,4.458728095407902e-06,-0.00011079120862208429,-9.73012406076248e-05
2022-08-31,lambda_0.1,0.977371030542151,-0.002623737686111775,2.432940645198168e-05,-0.0001162253937530746,-0.00012934272009734477
2022-09-30,lambda_0.1,0.9806902898708887,-0.002684970799412828,4.771427849298163e-05,-0.0001102173158509679,-3.237335908823358e-05
2022-10-31,lambda_0.1,0.9811527468961806,-0.0026909187251790215,5.108425684335698e-05,-0.00010984442015914402,-2.7749707733476514e-05
2022-11-30,lambda_0.1,0.9812696284431572,-0.0026898400944663082,6.912093380305917e-05,-0.00010751379683551082,5.372900913323559e-06
2022-12-31,lambda_0.1,0.9925455972896243,-0.002754406598031033,9.768143788104811e-05,-7.075658256227701e-05,0.0001665677849066443
2023-01-31,lambda_0.1,0.9912274318090262,-0.0027486991472286445,0.00012533253056913325,-7.011782786387963e-05,0.00019064968305038186
2023-02-28,lambda_0.1,0.9911034984680837,-0.0027565466710640814,0.0001330189538893893,-6.22591113047812e-05,0.00016852397835900325
2023-03-31,lambda_0.1,0.9903971038264944,-0.002793945786683654,0.00015742727127599735,4.544548556092618e-05,0.00016431008635756517
2023-04-30,lambda_0.1,0.990018443058041,-0.002781629266124138,0.00015810801574081047,8.590788886628665e-05,0.00016301252336669994
2023-05-31,lambda_0.1,0.987203708470328,-0.002762805866272245,0.00014844002862932776,1.261059745200706e-05,0.00017688910876914382
2023-06-30,lambda_0.1,0.9876315395033549,-0.0027719447782351848,0.00015076858734018985,-6.993300648040876e-05,0.00018158905985910445
2023-07-31,lambda_0.1,0.9881915163837126,-0.0027946008096261755,0.00015660491846370924,-8.105779412910519e-05,0.00019195531281797958
2023-08-31,lambda_0.1,0.9862237589152764,-0.0027817001991351665,0.00015151314516832965,-7.720059107368124e-05,0.00021341847398197037
2023-09-30,lambda_0.1,0.9858010642492855,-0.0027765493608032646,0.00014975522031793827,-6.639032780220296e-05,0.00023138747262300237
2023-10-31,lambda_0.1,0.9819606959480233,-0.002744002346259681,0.0001406227782449795,-0.00011676362518318092,0.00026469897618811716
2023-11-30,lambda_0.1,0.9728600518876456,-0.00272697297224532,0.00017469715945397078,-5.091384906760635e-05,0.0003145680400859457
2023-12-31,lambda_0.1,0.9656825541324724,-0.002645963920752437,0.0001595756218232356,-5.162659461326101e-05,0.0003115579438513461
2024-01-31,lambda_0.1,0.9586268227240916,-0.0025527127619646007,0.0001283307141092784,5.516829534584053e-05,0.00022940908783399515
2024-02-29,lambda_0.1,0.9578562443366201,-0.002515845444430706,0.00011429267393336061,0.0001209958410878041,0.00022400605332234362
2024-03-31,lambda_0.1,0.9561177296585284,-0.002485384299746615,0.00010624801723123974,0.0001470982111706456,0.0002248025613259836
2024-04-30,lambda_0.1,0.9548898642326763,-0.00248590887389761,0.00010908826820795999,0.00012502443387258044,0.00022735407038526915
2024-05-31,lambda_0.1,0.954363453039431,-0.0024761165245328703,0.00010212336480223657,0.00012853459250884822,0.00022815146118776788
2024-06-30,lambda_0.1,0.952170180802031,-0.002451411889684763,0.00010156165719084234,4.847971333608815e-05,0.00022519628614234375
2024-07-31,lambda_0.1,0.952016834778766,-0.0024477124179813486,9.804603128853824e-05,5.7858498499016955e-05,0.0002526475507115852
2024-08-31,lambda_0.1,0.9531548208221396,-0.00247191569394261,9.34807679960042e-05,-0.0001838610815069697,0.0004727803854240589
2024-09-30,lambda_0.1,0.9530163163162725,-0.0024698481932177775,9.209910847511181e-05,-0.00018847158049470358,0.000475181259709489
2024-10-31,lambda_0.1,0.9527697568869026,-0.0024732827409782486,9.740914215653973e-05,-0.0001887757351136559,0.0004824018218543952
2024-11-30,lambda_0.1,0.9537407694459736,-0.0024580925960372576,8.331348074381466e-05,-0.00017470868494477655,0.0005136514526132689
2024-12-31,lambda_0.1,0.9505314401603022,-0.0023796872828513622,5.781279771729995e-05,-0.00014800972367087924,0.00024125259575743293
2025-01-31,lambda_0.1,0.948701931907192,-0.0023671538492947867,6.83687519716355e-05,-0.00016293675387142603,0.00024873134293939116
2025-02-28,lambda_0.1,0.9482585604920021,-0.002355700091538406,6.433755581241048e-05,-0.00014714578711860012,0.0002139661736295451
2025-03-31,lambda_0.1,0.9484982785064489,-0.002325285931715121,3.922564903452376e-05,-0.00013149996536210068,0.00018760457958902094
2025-04-30,lambda_0.1,0.946641587794191,-0.0023093635574481593,3.7750142035570936e-05,-6.342279407087334e-05,0.00015141661853387616
2025-05-31,lambda_0.1,0.9476277689149871,-0.0022880581031297312,2.586110829772253e-05,-6.745891082795045e-05,0.00013814484456777876
2025-06-30,lambda_0.1,0.9498922748648164,-0.002235954375640987,4.9140606043730534e-05,-9.369243809378698e-05,9.009677402430365e-05
2025-07-31,lambda_0.1,0.9549523123671556,-0.002251477455183836,0.00010700307290620022,-0.00011291818431835782,0.00012643583111638626
2025-08-31,lambda_0.1,0.9553179233121365,-0.0022464893185890735,8.545049420866579e-05,-0.00011014562086826205,0.00011871931214724294
2025-09-30,lambda_0.1,0.9645451484678608,-0.0021754664554808627,0.00016813984204057646,-0.00014883656660754328,6.111384001405095e-05
2025-10-31,lambda_0.1,0.9707303614348705,-0.0022922451075588447,0.00021589467181135167,-0.00021151480962967352,0.00013530347199493795
2025-11-30,lambda_0.1,0.9708805928338643,-0.0022828317432486396,0.00022789323797058113,-8.828598326343423e-05,0.00016555274410601944
2025-12-31,lambda_0.1,0.9617825256553668,-0.002315487420624238,0.00024637044288590404,-0.00011650135183506236,0.0001540113684933965
2026-01-31,lambda_0.1,0.9522587699491524,-0.002579753991222015,0.0003799063603067008,-0.00018725835806035376,8.208155885078955e-05
2026-02-28,lambda_0.1,0.9549874316940807,-0.002691802574817484,0.00043407898223788853,-0.0004657660634139185,-5.911317068981814e-05
2026-03-31,lambda_0.1,0.9405981161996657,-0.0028184697711846896,0.0001550658867048547,-4.642444701157423e-06,0.00011547114414060073
2026-04-30,lambda_0.1,0.9162491173756588,-0.003230876649912679,0.00031993777783026185,-0.0002267146015145177,-0.00030297655338598736
2026-05-31,lambda_0.1,0.9133423691930654,-0.0035198314782474128,0.0005066449833831467,-0.0004086070672639072,-0.0006041345414774804
2026-06-30,lambda_0.1,0.9136733005333919,-0.003521035972522857,0.0005273050453830928,-0.00039927153191124127,-0.0006247433012798255
2018-07-31,lambda_0.3,0.7214624825419254,-0.002036759268789588,9.744145887317446e-05,0.00037131146837708694,0.000369332371938858
2018-08-31,lambda_0.3,0.6938402041461645,-0.0019316765240728784,0.00011639976051944223,0.00027076421633460154,0.00032273804872251337
2018-09-30,lambda_0.3,0.697069382771233,-0.0018357410046013498,0.0001529587015058208,0.00038581941834057456,0.0003180978379790609
2018-10-31,lambda_0.3,0.7139194435009223,-0.001168451943034884,1.7277436530599975e-05,0.0003823113340444158,0.00014235533837205747
2018-11-30,lambda_0.3,0.7172568432587245,-0.001178641066261973,0.0001283342688395805,0.00026151182830829,0.00011481851197663238
2018-12-31,lambda_0.3,0.7168225190083795,-0.00117788655459345,0.00010434836506871342,0.00024351128609047343,0.00010886166527224464
2019-01-31,lambda_0.3,0.7420411230786426,-0.0012586352137049575,0.0001232386752104491,7.434272053648706e-05,8.961822283137623e-05
2019-02-28,lambda_0.3,0.7439980463793239,-0.0012373169097706924,0.000135818069080455,0.00011296312740838245,0.00010092651570528901
2019-03-31,lambda_0.3,0.7320361007641114,-0.0012180815567814358,0.00011865728307610649,0.00010070806258522858,9.11603226295948e-05
2019-04-30,lambda_0.3,0.729996806728914,-0.0012092539164520848,0.00011873351314642205,0.00010122596802853475,8.492240550253172e-05
2019-05-31,lambda_0.3,0.7042810560554791,-0.0011250741501571287,8.021266765789075e-05,0.00016746862526637062,0.00010667813051499895
2019-06-30,lambda_0.3,0.7114387617311198,-0.00111963710748708,8.947391353680411e-05,0.00017237132577611783,0.00010735645527408679
2019-07-31,lambda_0.3,0.710500992872596,-0.0011154616373658542,7.318797278139076e-05,0.00018039103766439213,0.00011008753096879604
2019-08-31,lambda_0.3,0.7159309115572418,-0.0011185546666987462,0.00010537626826524337,0.00020948458601278822,0.00011954703408519697
2019-09-30,lambda_0.3,0.719560379567581,-0.0011721501311156744,0.00020789744951480056,0.00025096210969729647,0.00019205740487280182
2019-10-31,lambda_0.3,0.7212479265598959,-0.0011626497798383855,0.00023924975030557957,0.0002524959108136641,0.0001908700379086288
2019-11-30,lambda_0.3,0.7216052224446958,-0.0011707212855929093,0.0002082043918836691,0.00026918938231141535,0.0002042482255146153
2019-12-31,lambda_0.3,0.7382746006436294,-0.0011894356124596975,0.00017291539318624517,0.00027873210272235695,0.00017997485160159443
2020-01-31,lambda_0.3,0.7425744821363012,-0.0011886200106680888,0.00017778184739865066,0.00029180325167994076,0.00017265556022345288
2020-02-29,lambda_0.3,0.7637113181629366,-0.0011644433641806184,0.00018348463461701463,0.000479674707801776,0.00019481209011293116
2020-03-31,lambda_0.3,0.8309961464511747,-0.0011776186066486058,2.6440760665112154e-05,0.0007006543983511127,0.000240426849263665
2020-04-30,lambda_0.3,0.6967438749872716,-0.0017521310727347595,-0.0003663157181275447,0.000295403553142737,-4.712321180719422e-05
2020-05-31,lambda_0.3,0.7276943958501042,-0.0018862998111701585,-0.0004556367409339207,0.00024868706692886657,-0.0001674261703423878
2020-06-30,lambda_0.3,0.7400247893033665,-0.0018881012675048127,-0.00038098564129520485,0.00025988420293491447,-0.00030017387722039847
2020-07-31,lambda_0.3,0.7452547817767288,-0.001827351019281332,-0.00031707561751282115,0.00029522290353194516,-0.00035067583488246584
2020-08-31,lambda_0.3,0.7469533408787651,-0.0018477078232861546,-0.0003228268275584029,0.00027911000473935664,-0.0003162166029604676
2020-09-30,lambda_0.3,0.7481212609545829,-0.0018351433224241265,-0.00023693399244481314,0.0002947448005654629,-0.00030833228182496736
2020-10-31,lambda_0.3,0.7591047965874955,-0.001899929720203212,-0.00012259827284681238,0.0002762913910963525,-0.00019245203450275186
2020-11-30,lambda_0.3,0.7877491041536472,-0.0020828603220764074,-3.8022697933237384e-05,0.0002272831218497692,-0.00029820035527101355
2020-12-31,lambda_0.3,0.80248532267384,-0.0022062468091507744,-5.257655951664803e-05,0.00019462813151979838,-0.0003769600606064985
2021-01-31,lambda_0.3,0.8059338200134087,-0.0022003979253944032,-0.00017696801596294047,0.00017272140663634051,-0.0005432863939198082
2021-02-28,lambda_0.3,0.7898864753003534,-0.002196624694333993,-0.00018049652929843748,0.0001517077796494451,-0.0004734184614637758
2021-03-31,lambda_0.3,0.7883813961632942,-0.0022164367188343354,-0.0002187267126710967,0.00013292158093176974,-0.0004262640812696052
2021-04-30,lambda_0.3,0.7862787007082677,-0.0022255765127697055,-0.0002279408934392128,0.00010613241026793648,-0.0004140086737938972
2021-05-31,lambda_0.3,0.7801367848976339,-0.0022602622572744186,-0.0002637605553928708,7.37524431523042e-05,-0.0003418741051306053
2021-06-30,lambda_0.3,0.7746700295045437,-0.0022652584410246734,-0.0002790294396709564,6.59500020169135e-05,-0.0003170812451632156
2021-07-31,lambda_0.3,0.776000134062232,-0.002257746692781459,-0.0002804849524684259,7.909290785694826e-05,-0.000292988714974738
2021-08-31,lambda_0.3,0.7805519971319144,-0.002252920609136703,-0.0003991024812666671,0.00010774662318006889,-0.00036086968865151596
2021-09-30,lambda_0.3,0.7854368321754569,-0.0022500193344193982,-0.0003916359331285346,0.000113656319001347,-0.00035885776721329563
2021-10-31,lambda_0.3,0.8288836532619765,-0.002525293963296967,-0.00024602352870485436,0.00010069819688338782,-0.00020165429706545113
2021-11-30,lambda_0.3,0.829527768092559,-0.0026142550950528374,-5.703365616102304e-05,2.338873857013913e-05,-4.299381372426431e-05
2021-12-31,lambda_0.3,0.831040650474342,-0.0026391302703911526,-0.00010137556059412647,4.317621484188194e-05,-0.00011072145270582106
2022-01-31,lambda_0.3,0.8572879180204692,-0.002784463400942764,-0.00011132983172392461,-3.8616098181052695e-06,-3.774242611595904e-05
2022-02-28,lambda_0.3,0.8569351471917458,-0.002786949816035275,-0.00010646386439425539,-6.091926707853853e-06,-2.65425552655004e-05
2022-03-31,lambda_0.3,0.8572805158652996,-0.0028017248343554907,-6.534959874553202e-05,-2.198674220817978e-05,-3.964547649371092e-05
2022-04-30,lambda_0.3,0.8653195126066031,-0.0028156786120148154,-3.8238547235552346e-05,-6.507893849809487e-06,1.6237969995662406e-05
2022-05-31,lambda_0.3,0.9055311411547,-0.0030256940508950458,6.573352455997543e-05,-0.00010655731512977619,-8.815791830572714e-05
2022-06-30,lambda_0.3,0.9226448062911422,-0.0030068465776418745,7.910025628393453e-05,-5.386882461232492e-05,-4.602006501468897e-05
2022-07-31,lambda_0.3,0.9301412699010664,-0.0030664292708183433,6.184608170058006e-05,-8.769088375215443e-05,-0.00017641298300729517
2022-08-31,lambda_0.3,0.9302018642276065,-0.0030812913782650277,7.139579170380487e-05,-9.426496421662206e-05,-0.00020316106047627003
2022-09-30,lambda_0.3,0.9316331741936283,-0.0030424729435112245,7.78134464857192e-05,-8.156559522012104e-05,-0.00022460749985727703
2022-10-31,lambda_0.3,0.9317860351511567,-0.00303067566900906,8.697138016749463e-05,-7.602550325913268e-05,-0.00019388875916968103
2022-11-30,lambda_0.3,0.9275995284422587,-0.0030313283056951244,0.00017541005089176864,-7.522295348402113e-05,-8.559636992291572e-05
2022-12-31,lambda_0.3,0.9387866497126767,-0.0030617478879023095,0.00018904292681074658,6.949651631860468e-06,8.83238822195103e-05
2023-01-31,lambda_0.3,0.9226882620843535,-0.0030369636809111414,0.0002888889924928561,7.114181186782063e-06,0.00019321928051184998
2023-02-28,lambda_0.3,0.9195404322759074,-0.0030321826636217466,0.00028413661407243433,2.350408194299247e-06,0.00020687097918346137
2023-03-31,lambda_0.3,0.9110324383846924,-0.0029492317653400353,0.00027692300344757154,-0.00034601763792636896,0.00026038722824590996
2023-04-30,lambda_0.3,0.9229435624823878,-0.002854676816206107,0.0002738458637343013,4.949879282826358e-05,0.0002052428151499701
2023-05-31,lambda_0.3,0.9119284539985089,-0.002813748043986371,0.00026247761800140277,-7.3119071337916e-05,0.00022605030116150263
2023-06-30,lambda_0.3,0.9131081170326623,-0.0028315518639972282,0.00026685389089842323,-0.0002366790816651053,0.00023576420703418305
2023-07-31,lambda_0.3,0.9172504589355605,-0.002879351977806683,0.0002769329420124619,-0.0002510351213862197,0.0002554943764017381
2023-08-31,lambda_0.3,0.9123098717096357,-0.002861025464505206,0.00027159642396088336,-0.00025875315893001706,0.0002922576294824828
2023-09-30,lambda_0.3,0.9115081634599738,-0.0028527820903600258,0.00026813138314374244,-0.0002443825347304327,0.0003207222517603108
2023-10-31,lambda_0.3,0.911920750963884,-0.002839793733750872,0.000263476621446247,-0.0002726907497141959,0.0003387353398773417
2023-11-30,lambda_0.3,0.8949853893557227,-0.0027532386894399555,0.0002019321749024115,-0.00030973195937828194,0.0002693007336296077
2023-12-31,lambda_0.3,0.8788851093082961,-0.0025019363447385074,0.00011560710891136625,-0.00023317409513374122,0.00017854368420923417
2024-01-31,lambda_0.3,0.8738783872325064,-0.002407270398477228,8.416856034373465e-05,-5.8972712603122795e-05,9.49547570553229e-05
2024-02-29,lambda_0.3,0.8770637329898003,-0.0024035299119219544,8.276517022638621e-05,-6.368299749367887e-05,0.0001002390629286933
2024-03-31,lambda_0.3,0.8755088996047171,-0.002372146171665488,7.618165303313726e-05,-2.9292355704384774e-05,0.00010066427491581308
2024-04-30,lambda_0.3,0.8751832881398103,-0.002375661876354342,7.963462549942198e-05,-3.065167207461398e-05,0.00011036037053101461
2024-05-31,lambda_0.3,0.8746277512467919,-0.0023676943562864388,7.47464817443085e-05,-1.642457769455779e-05,0.00010775248721264135
2024-06-30,lambda_0.3,0.8781970571556119,-0.002363247659446973,7.185069239721057e-05,-4.967810039252442e-05,0.00011184040133821634
2024-07-31,lambda_0.3,0.8781270060478025,-0.002371340223177694,7.954995208659467e-05,-6.83205888233801e-05,6.151170667706603e-05
2024-08-31,lambda_0.3,0.8780109052581874,-0.0023818840402237743,7.677676550501899e-05,-0.00024527493511938207,0.00013999972758924062
2024-09-30,lambda_0.3,0.8765725525022311,-0.0023991105444710207,9.06128338869339e-05,-0.0001990612603905229,0.00012952018721780392
2024-10-31,lambda_0.3,0.8766467774834285,-0.0024221227571204307,0.00011891448123370002,-0.00022244868949022846,0.00015556782854474639
2024-11-30,lambda_0.3,0.8738624956183542,-0.002416695900127326,0.00011132275114501568,-0.00019812653594060816,0.00016193222007293779
2024-12-31,lambda_0.3,0.8816008204348117,-0.0022704984882097917,6.470380599516405e-05,-0.00019335219429271792,-0.00015084090566218214
2025-01-31,lambda_0.3,0.8648232707109283,-0.002313472181952404,9.100968136566991e-05,-0.00020142112116990248,6.994100427281562e-05
2025-02-28,lambda_0.3,0.8647225873908324,-0.0023086200793317304,8.925955734520962e-05,-0.00019471219427459954,5.579007251805103e-05
2025-03-31,lambda_0.3,0.8645018609770245,-0.00228182202647788,6.671450103820241e-05,-0.00018056302313710108,3.749102850587188e-05
2025-04-30,lambda_0.3,0.861964518407843,-0.002264359257740697,6.426954984064745e-05,-0.00010758354233641088,-1.5583553979342003e-06
2025-05-31,lambda_0.3,0.8554594861427034,-0.0021859576048875507,2.2123029767520403e-05,-0.00012391274324515748,-7.003116989932564e-05
2025-06-30,lambda_0.3,0.8511764592706388,-0.0021421956939620445,3.054690862895951e-05,-0.0001362234149952506,-0.00010835103680049605
2025-07-31,lambda_0.3,0.864724382445993,-0.002177256497182625,0.0001430078001573988,-0.00015448503052692376,-2.4232696119314e-06
2025-08-31,lambda_0.3,0.8657582048027621,-0.002182399452470188,0.00014231461417122987,-0.00015643746192946933,-1.9387960042941896e-05
2025-09-30,lambda_0.3,0.8523067357514907,-0.002144220502193683,0.00018543552777723496,-0.0001765815820077277,-5.038452964182703e-05
2025-10-31,lambda_0.3,0.8871912824339433,-0.002361975244000928,0.00028367650434033844,-0.0003119051849003829,2.5403106068265296e-05
2025-11-30,lambda_0.3,0.884610757592168,-0.002368599085137098,0.00022556529168367531,-0.00015050989846165192,3.79347836346796e-05
2025-12-31,lambda_0.3,0.8688135621215058,-0.0025117468391975028,0.00023281982495807505,-0.0002442548389665585,6.196582002871505e-05
2026-01-31,lambda_0.3,0.9078745005510943,-0.002838516966120609,0.00025444791162751614,-0.00033377352003540915,-9.050734841522363e-05
2026-02-28,lambda_0.3,0.920836115955741,-0.002948659755442162,0.00028831344449937427,-0.0006080535197082858,-0.0002136687131234084
2026-03-31,lambda_0.3,0.9115981248292047,-0.0030943015818320685,-0.0001477432258505526,-3.532363265581172e-05,-1.81369392280987e-06
2026-04-30,lambda_0.3,0.8684034492104984,-0.003757027683669617,0.000120267782903182,-0.0003862235457734388,-0.0006862733468554014
2026-05-31,lambda_0.3,0.8771872369206691,-0.004157162232785301,0.00040756901151225517,-0.0006109378624803248,-0.001129947253834723
2026-06-30,lambda_0.3,0.8775555163959728,-0.0041576452979767845,0.00043891461645244616,-0.0005717696247811168,-0.0011480272264599634
2018-07-31,dynamic_v1,0.7825955954616194,-0.0017400636453461103,0.00012861782430450934,0.0003349513572965025,0.00027684862462509563
2018-08-31,dynamic_v1,0.7578186518810586,-0.0016961140615849384,0.00011790001433278018,0.0003021319622978,0.00025759914292046714
2018-09-30,dynamic_v1,0.7591235383683992,-0.0016403616181388627,0.00014025332285231402,0.00036850408551339234,0.0002554482051629899
2018-10-31,dynamic_v1,0.7642250974117731,-0.0012400374882684405,6.42925766405519e-05,0.0003610445626448817,0.00015138180141029454
2018-11-30,dynamic_v1,0.7620964943353932,-0.0012541897765586552,0.00012540547324585948,0.0002813562039218261,0.00013474795159184897
2018-12-31,dynamic_v1,0.7611211477450055,-0.0012522610844657462,0.00010840445608407273,0.00026722138424137526,0.00013011523449005748
2019-01-31,dynamic_v1,0.7743012230628945,-0.0012867192108719124,0.00012035551465031298,0.000180662275091678,0.00011886990379187396
2019-02-28,dynamic_v1,0.7768141173681659,-0.0012654526177181145,0.00013277590531858845,0.0002190510792083217,0.00013020414374356938
2019-03-31,dynamic_v1,0.7671691402936645,-0.0012469208018025509,0.0001274991474941085,0.00019080598694949798,0.00011397496641067667
2019-04-30,dynamic_v1,0.768034621573699,-0.0012447950591391744,0.00012735174482134072,0.00019104147128698294,0.00011256852193854253
2019-05-31,dynamic_v1,0.7718554665367092,-0.0012013521980064918,0.00011321880590861729,0.0002344528933295515,0.00012796492811528113
2019-06-30,dynamic_v1,0.7777218406768445,-0.0011861702925060023,0.0001392254077938952,0.0002489241221387415,0.00013018854092612084
2019-07-31,dynamic_v1,0.7759807348132022,-0.001174917516539521,0.00012440361479793102,0.000256470480279596,0.0001311670696822654
2019-08-31,dynamic_v1,0.7787514427226172,-0.0011738358549954777,0.00014092994379062392,0.0002696345904001009,0.0001397956991482025
2019-09-30,dynamic_v1,0.791702498739881,-0.0011856633560143651,0.0001661374192281806,0.0002839712420452127,0.00015800142584780185
2019-10-31,dynamic_v1,0.792426240266652,-0.0011819266257801417,0.00017824684826506123,0.00028463133586461686,0.0001574761035007048
2019-11-30,dynamic_v1,0.7940752167014711,-0.0012015198132874557,0.00010533413398086531,0.0003208382419420011,0.00018830080835571014
2019-12-31,dynamic_v1,0.8089272582769292,-0.0012324365405753392,6.285644043345422e-05,0.0003316842271242897,0.00016937979547775928
2020-01-31,dynamic_v1,0.8111713478774044,-0.001232358722800821,6.461006865346203e-05,0.000333473100738682,0.00016634668374602805
2020-02-29,dynamic_v1,0.8263229614517384,-0.0012212527887443523,6.684492710440239e-05,0.00041238792766959767,0.00017345437393927556
2020-03-31,dynamic_v1,0.8673676388873306,-0.001228141886385373,6.727724525724835e-06,0.0004932700025774171,0.0001818897486856924
2020-04-30,dynamic_v1,0.8076360184433745,-0.001552346288785541,-0.0002145056067261695,0.00026595049070463343,1.2443538441906732e-05
2020-05-31,dynamic_v1,0.8377352736183583,-0.0016738645516365836,-0.0003039226982213237,0.00022410164619413703,-9.888284413058792e-05
2020-06-30,dynamic_v1,0.8444780119643003,-0.0016962043178609986,-0.00022752719305864236,0.00020618423093058205,-0.0002335760453909682
2020-07-31,dynamic_v1,0.8560724271468867,-0.001679103607962604,-0.00021025981945497056,0.00024131305883716338,-0.0003304411320265005
2020-08-31,dynamic_v1,0.8578957965340013,-0.0016947759959383508,-0.00018740523090590976,0.00022546793366051937,-0.0003159199354779742
2020-09-30,dynamic_v1,0.8611732774675105,-0.0016804757413071579,-0.00011529013298962382,0.00024502576811970007,-0.00032765826556876575
2020-10-31,dynamic_v1,0.869853555782349,-0.0017664135343118414,-4.628154229225369e-05,0.00020807059263388216,-0.00017918308980717664
2020-11-30,dynamic_v1,0.8424150620313486,-0.002037425054653748,7.675211641223105e-05,0.00013826826967410096,-0.00031953929310758083
2020-12-31,dynamic_v1,0.8389087678728608,-0.0021988010835817377,5.648258967139609e-05,9.556266378132265e-05,-0.00042851282334915636
2021-01-31,dynamic_v1,0.8432056971917734,-0.0021929992635091847,-7.642719840645264e-05,7.133180807936991e-05,-0.0006072402513113799
2021-02-28,dynamic_v1,0.8299423462487722,-0.002188412909837509,-7.307412019767951e-05,5.0658039520290335e-05,-0.0005433466735719599
2021-03-31,dynamic_v1,0.8293882624503206,-0.002196998545896245,-9.818477275865452e-05,4.4178251262204154e-05,-0.0005305162345677916
2021-04-30,dynamic_v1,0.8290687583445462,-0.0021955416934717215,-0.00010663362641569267,2.7700450923181033e-05,-0.0005536546262275337
2021-05-31,dynamic_v1,0.8230314918187819,-0.0022335171050113754,-0.00014529901160003923,-7.685300438432276e-06,-0.0004802325305831745
2021-06-30,dynamic_v1,0.8183223880322398,-0.0022393993766095938,-0.00015458101817390242,-1.5094412666491908e-05,-0.0004673936642328674
2021-07-31,dynamic_v1,0.819377155852154,-0.0022316355983136105,-0.00015911107614377187,-1.1665357832033214e-06,-0.0004357525014685335
2021-08-31,dynamic_v1,0.8227058373804349,-0.00222660955437643,-0.00025152936596480876,2.4235658468120796e-05,-0.0004755255857069443
2021-09-30,dynamic_v1,0.8268087260779854,-0.0022384693220158596,-0.00028272450769954314,2.0665862423964714e-05,-0.0004744634711782015
2021-10-31,dynamic_v1,0.8507533290230003,-0.0024589999149180735,-0.00021386549487329928,9.896818557534378e-06,-0.0003567986525889088
2021-11-30,dynamic_v1,0.8526450963926459,-0.0025415877018544137,-5.1175117544317254e-05,-6.193716874850711e-05,-0.0002167894090040141
2021-12-31,dynamic_v1,0.8537389180725785,-0.002561556237321049,-9.025182366704837e-05,-4.48496125297097e-05,-0.00027561117363222745
2022-01-31,dynamic_v1,0.8858257402433469,-0.0027307109264664104,-0.0001068600962096408,-9.883359353632555e-05,-0.0001881611655138967
2022-02-28,dynamic_v1,0.8852089115958832,-0.002735884640832501,-9.654315620751604e-05,-0.00010344381688006483,-0.00016426873621420166
2022-03-31,dynamic_v1,0.8855513370767931,-0.002749115065820887,-6.906090276238602e-05,-0.00011769659084686539,-0.00017465019641038355
2022-04-30,dynamic_v1,0.8911453141283714,-0.0027629922779568473,-5.336376888579147e-05,-0.00010811367787895085,-0.00012995253016940633
2022-05-31,dynamic_v1,0.9154086201720022,-0.002927532402830833,3.544340076591722e-05,-0.0001875469136334829,-0.00019219050037635907
2022-06-30,dynamic_v1,0.9361495711888991,-0.002956351514454443,1.967381714563089e-05,-0.00014571249648820395,-0.0001211788959970694
2022-07-31,dynamic_v1,0.9426753987980053,-0.0030175596428855655,9.67233071846982e-05,-0.0001916286769012409,-0.00015416525490468118
2022-08-31,dynamic_v1,0.9447125068822559,-0.0030432383309242856,0.00011173288638334413,-0.0002032057018163786,-0.0001997700506372671
2022-09-30,dynamic_v1,0.9557461373051783,-0.003094245624380543,0.00015936828823379535,-0.00017632018329424978,-6.5940765346292e-05
2022-10-31,dynamic_v1,0.9569260054562451,-0.0030940966629462567,0.000181824276187195,-0.00016739462801663258,-9.301061741410132e-06
2022-11-30,dynamic_v1,0.9569948025796697,-0.003092841114994131,0.0002090913079768734,-0.000164542049022665,3.735587594315003e-05
2022-12-31,dynamic_v1,0.9759841382354117,-0.0031726396688846973,0.000244438566361798,-0.00010116975438641262,0.0002636858196873183
2023-01-31,dynamic_v1,0.9737989500320003,-0.003162679665070621,0.0002826711036153578,-0.00010134776282337164,0.000305870100332159
2023-02-28,dynamic_v1,0.9733470471192877,-0.0031737544221043016,0.00029057344748846807,-8.923767088945818e-05,0.00028192678940740365
2023-03-31,dynamic_v1,0.9723025574766321,-0.003233303422853286,0.0003128465510179935,0.00012096547319679317,0.00025959971346255694
2023-04-30,dynamic_v1,0.9704181646365725,-0.0032358152957603034,0.0003148095211175019,9.122698483986593e-05,0.0002713014740970015
2023-05-31,dynamic_v1,0.9662215176938044,-0.0032095105217843445,0.00029905271427092925,-1.9755330283081907e-05,0.0002928725163332314
2023-06-30,dynamic_v1,0.9686842277298107,-0.0032320493822542867,0.00030416357831399227,-0.00023420152783008158,0.000306665842599539
2023-07-31,dynamic_v1,0.9708629351793182,-0.0032704524293609974,0.00031208010518583374,-0.0002449966552473513,0.00032234376728225694
2023-08-31,dynamic_v1,0.9696258372687491,-0.0032629697100377106,0.00031294274590455825,-0.00026931016828211213,0.0003474126964877135
2023-09-30,dynamic_v1,0.969526695234684,-0.0032575746530946106,0.0003097932643141073,-0.00026386939117110963,0.0003656457416583189
2023-10-31,dynamic_v1,0.9650578129453291,-0.003215327983918984,0.0002989230819217862,-0.00032126349642633127,0.0004042885022726944
2023-11-30,dynamic_v1,0.950440492567055,-0.0030314047909174805,0.00028446595845166853,-0.00021576324400191514,0.0004167570547356186
2023-12-31,dynamic_v1,0.9510673734918715,-0.0027581760871958822,0.00020052837462114265,-0.0001523487221252956,0.0003385714504216559
2024-01-31,dynamic_v1,0.9442806425124657,-0.0026299591214967943,0.0001578757190043755,6.674266927309002e-05,0.00022540698227890973
2024-02-29,dynamic_v1,0.9436227022330065,-0.002575936081672899,0.00013724764067577508,0.00019462798246901023,0.0002013961036606898
2024-03-31,dynamic_v1,0.9419695397800322,-0.002541766724561551,0.0001273059306114813,0.00021987176012324084,0.00020250243936396385
2024-04-30,dynamic_v1,0.9399475504369922,-0.002542317676715217,0.00013099768905556824,0.00019002160069989902,0.00020551899000431943
2024-05-31,dynamic_v1,0.9388906874394305,-0.0025304802136472907,0.00012299537103445033,0.00020035591829469217,0.00020473842904813414
2024-06-30,dynamic_v1,0.9337077424501257,-0.002492504499942281,0.00011972573404403015,6.107186703185701e-05,0.00020417337391847755
2024-07-31,dynamic_v1,0.9332318558492936,-0.0024904953642643727,0.00011780303033726773,6.332828806569345e-05,0.00020436174011881792
2024-08-31,dynamic_v1,0.9310784563839395,-0.002520872955833251,0.00011077271970563789,-0.0003588465846440093,0.000451787574550294
2024-09-30,dynamic_v1,0.9291167223426442,-0.002506180411156527,0.00010537826107996146,-0.0003767643080688631,0.00048698113564041344
2024-10-31,dynamic_v1,0.9302392542888775,-0.0025284045374197785,0.00013899017885857614,-0.0003809270796297519,0.000531408020102422
2024-11-30,dynamic_v1,0.9405710035280467,-0.002452766215282663,7.361299077717008e-05,-0.0003472050684118779,0.0006960488643146037
2024-12-31,dynamic_v1,0.9455437914913463,-0.0023143785299333287,2.9056155522288625e-05,-0.0003219730668501768,0.0003101778965293213
2025-01-31,dynamic_v1,0.9435182391253817,-0.002284601403300472,3.9078433749816915e-05,-0.00034316310874439463,0.0002685798724588206
2025-02-28,dynamic_v1,0.942176848715293,-0.0022700776091595888,3.461741189739661e-05,-0.0003234383527364823,0.00021565096454636808
2025-03-31,dynamic_v1,0.9423431830918345,-0.0022384645710508424,8.757412567318224e-06,-0.00030738566869643576,0.0001854053621668046
2025-04-30,dynamic_v1,0.9376569122693695,-0.0022127330836629005,7.022028393577828e-06,-0.00019604690439468638,0.00012642133196043596
2025-05-31,dynamic_v1,0.9376541250222896,-0.002181433618836151,-1.0091353803565216e-05,-0.0002023009520617327,0.00010260746966875636
2025-06-30,dynamic_v1,0.939480809287148,-0.002086400457649087,6.3731170491446295e-06,-0.00022743696702698358,1.9726757249066695e-05
2025-07-31,dynamic_v1,0.9423101309451474,-0.002105288159081042,5.7411105472530554e-05,-0.00022409764880420202,8.928211955067057e-05
2025-08-31,dynamic_v1,0.942670525913099,-0.0020997933043846485,2.728175950599855e-05,-0.00022079084096886237,7.383519958261016e-05
2025-09-30,dynamic_v1,0.9573856986242858,-0.0020134787375416107,0.00012133325550401589,-0.0002646409044321932,3.680297644952568e-06
2025-10-31,dynamic_v1,0.9495191782461085,-0.0022450066739201475,0.00022395103476219487,-0.0004048374572388698,9.676063333042108e-05
2025-11-30,dynamic_v1,0.9445233293053845,-0.002239229879393647,0.00020829249391340974,-0.0002142139022334056,0.00013099858148572828
2025-12-31,dynamic_v1,0.9322087503603872,-0.0022774923098768827,0.00022981999900078794,-0.0002472240787119585,0.00011759919998163143
2026-01-31,dynamic_v1,0.9476586484829231,-0.002373365589326048,0.000282818604352649,-0.0002728297152355247,9.351966650264867e-05
2026-02-28,dynamic_v1,0.9515128905567156,-0.002479788376020988,0.00032588607646958777,-0.0005375742627174685,-3.38243769755801e-05
2026-03-31,dynamic_v1,0.9308801301790575,-0.0026142361615264977,3.988308739298846e-07,-3.730005249952912e-05,0.00015431391586732761
2026-04-30,dynamic_v1,0.9021894123626484,-0.003044792943900039,0.0001720601590340723,-0.0002700528124886144,-0.00028071997705646267
2026-05-31,dynamic_v1,0.8996989062547109,-0.0033409744676595296,0.00035344474310492423,-0.0004659334384049681,-0.0005801525801853455
2026-06-30,dynamic_v1,0.9000347562731371,-0.0033412149322971556,0.00036121733723099546,-0.0004584656452108313,-0.0005858195855340504
2018-07-31,asym_up0.1_down0.3,0.8700808031601182,-0.0027531486617123364,6.195434361548928e-05,0.00044798801650890825,0.00035613465507266476
2018-08-31,asym_up0.1_down0.3,0.8586608561226132,-0.0026812120158342173,7.879572746982743e-05,0.0003772433840756168,0.0003241881997171215
2018-09-30,asym_up0.1_down0.3,0.8593984630461291,-0.002619342439050815,0.00010347470137097312,0.00045095418419338596,0.00032173870677020553
2018-10-31,asym_up0.1_down0.3,0.9184564105523867,-0.002207041036628038,-3.013751072047065e-07,0.00046842402711821723,0.0002081420170125601
2018-11-30,asym_up0.1_down0.3,0.9203411464158737,-0.0022229454071866677,8.644901163089498e-05,0.00036177701810066764,0.00018525526803630314
2018-12-31,asym_up0.1_down0.3,0.9219969905237548,-0.0022233968044469807,6.156479222207403e-05,0.00034432079919252266,0.00017943883128823478
2019-01-31,asym_up0.1_down0.3,0.9389744065498744,-0.0022701961681618438,9.374389969554297e-05,0.00016784999380511944,0.00015172931833294548
2019-02-28,asym_up0.1_down0.3,0.9401972343266992,-0.0022504525376533953,0.00010572150673504089,0.0002039691334982923,0.00016206632278853932
2019-03-31,asym_up0.1_down0.3,0.9426376107240017,-0.0022222015600276957,0.0001078345006084642,0.0001460776010834598,0.00013117142395996433
2019-04-30,asym_up0.1_down0.3,0.942601074200284,-0.002215719641640285,0.00010993155559487692,0.00014509391756136478,0.00012541292842162358
2019-05-31,asym_up0.1_down0.3,0.9421781508958873,-0.0021526791533920077,9.06435785536959e-05,0.0002100481494857621,0.00014864026786107898
2019-06-30,asym_up0.1_down0.3,0.9433615841941203,-0.002142868160672247,0.00010336676036194845,0.0001975984029218222,0.00014088311165755393
2019-07-31,asym_up0.1_down0.3,0.9433451739836677,-0.0021338816958426394,9.168178715984895e-05,0.000203551509781341,0.0001416312587021873
2019-08-31,asym_up0.1_down0.3,0.9433100575468089,-0.0021364922091371965,0.00010633862065697838,0.00021759763742153476,0.00014424021829485877
2019-09-30,asym_up0.1_down0.3,0.9398658701386202,-0.0021741895568974153,0.0001778814275883204,0.00024563312594722843,0.00019475760394177478
2019-10-31,asym_up0.1_down0.3,0.9399467536112038,-0.002171147547952813,0.00019401407290854623,0.0002445664692383373,0.00019597604273385405
2019-11-30,asym_up0.1_down0.3,0.9410625098568702,-0.0021928028379832884,0.00010926453172511107,0.00029192209787719226,0.0002328507996445209
2019-12-31,asym_up0.1_down0.3,0.9438351997259764,-0.002233233833709742,7.155786450213978e-05,0.00030055819922305323,0.00023199345775398532
2020-01-31,asym_up0.1_down0.3,0.944344470235448,-0.002232974764736551,7.547305925067896e-05,0.00030570570227835166,0.00022537787793558265
2020-02-29,asym_up0.1_down0.3,0.9461072234476314,-0.00221811485343163,7.966176935251328e-05,0.00043430065050647083,0.00024445000979515124
2020-03-31,asym_up0.1_down0.3,0.9569220655639927,-0.0022296777885887032,-5.1978629658822365e-06,0.0005447754459187515,0.00024736544378987815
2020-04-30,asym_up0.1_down0.3,0.8915268120106536,-0.002703177583402318,-0.0003294973683697621,0.00020874865342649144,2.101346889714145e-05
2020-05-31,asym_up0.1_down0.3,0.9031777223882689,-0.002835789199936334,-0.00043613483105254234,0.00016357161046107313,-0.00010299228774358882
2020-06-30,asym_up0.1_down0.3,0.9044416206009397,-0.002872545931990291,-0.0003537473916472169,0.00012609706774730422,-0.00024753529136412955
2020-07-31,asym_up0.1_down0.3,0.9103676512024081,-0.002866290966894804,-0.00034810585069406833,0.00016244117519480326,-0.00036008028916268667
2020-08-31,asym_up0.1_down0.3,0.9111743476336387,-0.00288674834131144,-0.00032094650598542,0.00014209537173274622,-0.0003399490267043969
2020-09-30,asym_up0.1_down0.3,0.912764927507556,-0.002870437560884946,-0.00022927256480881174,0.00016375524664365452,-0.0003457294096524896
2020-10-31,asym_up0.1_down0.3,0.9189060017131019,-0.002946981181549185,-0.00011423749650906998,0.00013892636598627703,-0.0002100900775289737
2020-11-30,asym_up0.1_down0.3,0.9234247180442223,-0.0031387484903919764,-1.9496026334079995e-05,8.002497442440503e-05,-0.000364730644887931
2020-12-31,asym_up0.1_down0.3,0.9254637610708606,-0.0032492728336766105,-3.5143839673313395e-05,5.0781536069206996e-05,-0.00044789389538963894
2021-01-31,asym_up0.1_down0.3,0.9267671544625162,-0.0032432928486997577,-0.00012447859950969164,3.8324423132877e-05,-0.0005633256227334682
2021-02-28,asym_up0.1_down0.3,0.9223077828919829,-0.003246991771521086,-0.00013180575369823956,5.20529889811959e-05,-0.0006021340315095507
2021-03-31,asym_up0.1_down0.3,0.9217167622836,-0.0032621435605467296,-0.00016354691596221415,3.817255952306715e-05,-0.0005682997586544933
2021-04-30,asym_up0.1_down0.3,0.9212860498407942,-0.0032682357878643722,-0.00016810502142924045,2.3629120617125066e-05,-0.0005567478308854855
2021-05-31,asym_up0.1_down0.3,0.9189774114395033,-0.0033096893611564357,-0.00020742816188640533,-1.4656699496914428e-05,-0.000505640922283112
2021-06-30,asym_up0.1_down0.3,0.9172555259127544,-0.0033221043984093396,-0.0002102059933476076,-2.6857982771971798e-05,-0.0005101603297183019
2021-07-31,asym_up0.1_down0.3,0.9181336645584203,-0.003318319248373351,-0.00021303890723496085,-1.9996606889428024e-05,-0.0004933432023010234
2021-08-31,asym_up0.1_down0.3,0.9203512752504371,-0.0033118056785230573,-0.00032359860450935655,1.1609658176957478e-05,-0.000535733923828661
2021-09-30,asym_up0.1_down0.3,0.9220473389120214,-0.00330389942117412,-0.00030299032737180116,1.97302044575476e-05,-0.0005338525223495717
2021-10-31,asym_up0.1_down0.3,0.9266549841668772,-0.003481032928912307,-0.0002048804867786115,1.1427724310164849e-05,-0.0004319315647382619
2021-11-30,asym_up0.1_down0.3,0.9274105032119928,-0.0035633293161309557,-4.8693236001090675e-05,-6.0182138996887555e-05,-0.00029580118651656494
2021-12-31,asym_up0.1_down0.3,0.9280410026021764,-0.0035750965956028113,-7.136708433318944e-05,-5.023483991074048e-05,-0.000330011846261544
2022-01-31,asym_up0.1_down0.3,0.9443267481113183,-0.003775507845303291,-0.00011749241584192737,-0.00011017174586773742,-0.00021319030709288165
2022-02-28,asym_up0.1_down0.3,0.9439217612589855,-0.0037805651442726403,-0.00010605170947249097,-0.00011446196264804521,-0.0001856814864812522
2022-03-31,asym_up0.1_down0.3,0.9439386077150472,-0.0037930340426923547,-7.463878195561368e-05,-0.00012788277966227805,-0.0001962636880359831
2022-04-30,asym_up0.1_down0.3,0.9480141572984119,-0.0038090334295910982,-5.53911100928616e-05,-0.00011624115748792678,-0.00014361998088155656
2022-05-31,asym_up0.1_down0.3,0.9657316179803944,-0.00399786527736847,4.785213679964293e-05,-0.00020759039306846895,-0.00021152055219471116
2022-06-30,asym_up0.1_down0.3,0.9783320900763713,-0.0040523090728066665,1.6702984274570218e-05,-0.00016415693064577392,-0.0001167606809822293
2022-07-31,asym_up0.1_down0.3,0.9821162240935096,-0.0041101665447146815,3.4234729030913937e-05,-0.00020104113967790065,-0.00020685262854680747
2022-08-31,asym_up0.1_down0.3,0.9824033055069615,-0.0041279577376774354,5.509290589908976e-05,-0.00020752979943917341,-0.00024273315796890355
2022-09-30,asym_up0.1_down0.3,0.9812898550455778,-0.004246355431483349,7.423663925268343e-05,-0.00021617444672835957,-0.0001043650813248127
2022-10-31,asym_up0.1_down0.3,0.9817398908106478,-0.004253767568859436,7.86223454672056e-05,-0.00021563597197809354,-9.81345412784699e-05
2022-11-30,asym_up0.1_down0.3,0.9817586637722892,-0.004252094818513947,0.00011145088204628575,-0.00021191344528651273,-4.0493758117697044e-05
2022-12-31,asym_up0.1_down0.3,0.9913058673762724,-0.004349449484674297,0.00015450325495136715,-0.00016078688700044618,0.00019606813522111922
2023-01-31,asym_up0.1_down0.3,0.98986890382774,-0.004339480947105235,0.00019921926032104471,-0.00016013292187148313,0.00023818604798690485
2023-02-28,asym_up0.1_down0.3,0.9895464399446476,-0.004342374989131399,0.00020273344010960075,-0.0001574700025817953,0.00022834631159311192
2023-03-31,asym_up0.1_down0.3,0.9880026629295348,-0.004370807345716106,0.0002347012519586546,-0.00010687975757671647,0.00023776721301526195
2023-04-30,asym_up0.1_down0.3,0.9893155712169172,-0.004328417716055623,0.0002344322044028175,5.9080928821824124e-05,0.00021908822656139994
2023-05-31,asym_up0.1_down0.3,0.9865895981494565,-0.004298587945750323,0.0002236858946822436,-3.9655750475302764e-05,0.00023664057599616936
2023-06-30,asym_up0.1_down0.3,0.9864439389414021,-0.004303881118541899,0.00022513639688147963,-8.571234903456465e-05,0.00023900793693333415
2023-07-31,asym_up0.1_down0.3,0.9854357470325572,-0.004320050162643665,0.0002329681497342858,-0.00010860837725511826,0.000249918663359246
2023-08-31,asym_up0.1_down0.3,0.9833909485949285,-0.004297304561867726,0.0002225934066488037,-9.208605356633205e-05,0.00028314057512411226
2023-09-30,asym_up0.1_down0.3,0.9829435816881315,-0.004289459067060538,0.00022029135969290703,-7.393191024973275e-05,0.0003106788091936587
2023-10-31,asym_up0.1_down0.3,0.9817897661942413,-0.004260677558965495,0.00021142826272896103,-0.00012487126230002342,0.0003438138130172582
2023-11-30,asym_up0.1_down0.3,0.9781472435618547,-0.004246885864803347,0.00022361291945241935,-9.594723090947891e-05,0.00036300146322236927
2023-12-31,asym_up0.1_down0.3,0.973438787941308,-0.004175742687280027,0.00020855030943312067,-9.301063806329093e-05,0.00035667555354211176
2024-01-31,asym_up0.1_down0.3,0.9714143394167085,-0.004110919375683903,0.00018664432518671775,-6.244938950176083e-05,0.0002996985989007716
2024-02-29,asym_up0.1_down0.3,0.971563027952745,-0.00409115840149694,0.00017920743045628977,-7.490383051992136e-05,0.0003212499887080382
2024-03-31,asym_up0.1_down0.3,0.9706366938890623,-0.0040543716438810225,0.00017024954887544914,-4.0050201239061355e-05,0.0003220362382374358
2024-04-30,asym_up0.1_down0.3,0.9703218003499618,-0.004057093062541575,0.00017381133019753756,-4.946424867314353e-05,0.0003299641230067882
2024-05-31,asym_up0.1_down0.3,0.9700982250358219,-0.004047773915601148,0.00016739223276874703,-4.306883526570475e-05,0.00032984806212695396
2024-06-30,asym_up0.1_down0.3,0.9703420275129226,-0.004027908472585823,0.00016445711060404926,-0.00012418784568189668,0.0003315770744779464
2024-07-31,asym_up0.1_down0.3,0.9701037224682152,-0.004028779602158241,0.00016529998112414996,-0.00012321665292417067,0.00034161052147849754
2024-08-31,asym_up0.1_down0.3,0.9712916470142339,-0.004049874268565652,0.00016235412801443529,-0.00023952275099552796,0.0005563989542674815
2024-09-30,asym_up0.1_down0.3,0.9713836866152186,-0.004063360054226589,0.00016439818088688298,-0.0002328329321717379,0.000512180714176302
2024-10-31,asym_up0.1_down0.3,0.9712294974025363,-0.004064701282230962,0.0001654675162272764,-0.0002358982416397475,0.0005119183362017263
2024-11-30,asym_up0.1_down0.3,0.9699292210772219,-0.004075195093218199,0.00017249729633087572,-0.00022517178505029162,0.0004852447177967458
2024-12-31,asym_up0.1_down0.3,0.9676839409833858,-0.003998710223285507,0.00014750961126491858,-0.00019372838873789582,0.00019611164883876278
2025-01-31,asym_up0.1_down0.3,0.9656675464413791,-0.004011298211356449,0.00015334963654243213,-0.00019432339318690745,0.0002534281269045819
2025-02-28,asym_up0.1_down0.3,0.9654192267144538,-0.003999704005370614,0.00014963499476506665,-0.00017850684765277082,0.00021326148153214333
2025-03-31,asym_up0.1_down0.3,0.9651785046932347,-0.003981902896688338,0.00013612939827354308,-0.00017038432745606139,0.00018380489897384727
2025-04-30,asym_up0.1_down0.3,0.9644271889808336,-0.003957350598373276,0.0001236634412098359,-8.616496898052745e-05,0.00013588676957636226
2025-05-31,asym_up0.1_down0.3,0.9645822299979959,-0.003914339215053411,9.994473149545159e-05,-9.457350091476835e-05,0.00010563116481633605
2025-06-30,asym_up0.1_down0.3,0.9635577840712471,-0.003844792066790393,6.930223835542332e-05,-7.566959120121927e-05,5.278678592649487e-05
2025-07-31,asym_up0.1_down0.3,0.9673322492292535,-0.0038655017934368843,0.0001558574944905232,-0.0001142386079935314,8.902109617130605e-05
2025-08-31,asym_up0.1_down0.3,0.9680829820813834,-0.003841395972297119,0.00010646566443603747,-0.00010300552425301424,0.00011128799114269207
2025-09-30,asym_up0.1_down0.3,0.9760998373137602,-0.003691926130410353,0.00020694220770981148,-0.0001482230783404156,-1.1618139991183708e-05
2025-10-31,asym_up0.1_down0.3,0.9840300838995961,-0.0037217457207036975,0.0002102662448313572,-0.00014642806087546167,6.76787656498771e-05
2025-11-30,asym_up0.1_down0.3,0.9849441717864362,-0.003710605746765277,0.00024167027478239045,-8.653864869739283e-05,9.176246828559347e-05
2025-12-31,asym_up0.1_down0.3,0.9788020326698679,-0.0037520021047039234,0.0002664181283154165,-0.00012284414075854977,7.579105280695712e-05
2026-01-31,asym_up0.1_down0.3,0.9707502834029648,-0.004093351471139513,0.00041442901514245306,-0.0002145856105092753,-2.7956199264950882e-05
2026-02-28,asym_up0.1_down0.3,0.972831692337443,-0.004204438844001394,0.0004678565881070626,-0.0004907114978800762,-0.00016771364202958976
2026-03-31,asym_up0.1_down0.3,0.9683170933409071,-0.004321336988155439,0.00016833562383416768,-4.9642274606789914e-05,-2.539570735939165e-06
2026-04-30,asym_up0.1_down0.3,0.9455434594140226,-0.004845395924695243,0.00037962195606480406,-0.0003283784625636322,-0.000541248365201843
2026-05-31,asym_up0.1_down0.3,0.9428388798630633,-0.005184613284150548,0.0006123243394345241,-0.0005291404042926419,-0.0009073156189325091
2026-06-30,asym_up0.1_down0.3,0.9429376186982272,-0.005185744829615185,0.0006487696656449129,-0.0004941990080957982,-0.0009339273546642532
2018-07-31,asym_up0.1_down0.5,0.8615873788908777,-0.003358495722579607,0.0001256198198190425,0.0005584221788980624,0.00046220511448405227
2018-08-31,asym_up0.1_down0.5,0.8501129272210324,-0.003257246751515521,0.00014149703832802086,0.0004627263859796678,0.00041734121077674437
2018-09-30,asym_up0.1_down0.5,0.8512551942334224,-0.003173498697189043,0.00017494882133917925,0.0005624826664232712,0.0004140480776173084
2018-10-31,asym_up0.1_down0.5,0.9078488944055201,-0.0026717730370568126,4.952232550970489e-05,0.0005828970251756588,0.00027602879437060423
2018-11-30,asym_up0.1_down0.5,0.9091666439700281,-0.00269113008452958,0.00015108392730490603,0.0004569017001573364,0.0002491067518929824
2018-12-31,asym_up0.1_down0.5,0.9095370342838636,-0.0026889113538127564,0.0001233266084041814,0.00043474237231026953,0.00024181696169324986
2019-01-31,asym_up0.1_down0.5,0.9240617464794507,-0.002712709829273931,0.00016239780560310842,0.00026112280902456536,0.0002100179898671513
2019-02-28,asym_up0.1_down0.5,0.9257234027833846,-0.002683339012634618,0.00017945717407760308,0.00031403966063716575,0.0002257105693442755
2019-03-31,asym_up0.1_down0.5,0.9253843060422228,-0.002649949120853254,0.00017087923914322245,0.0002617913486002827,0.0001959062894699605
2019-04-30,asym_up0.1_down0.5,0.9252249346525762,-0.002642084252653625,0.00017110113623865783,0.0002621498705512855,0.00019025982012369055
2019-05-31,asym_up0.1_down0.5,0.9228500643855395,-0.002550727241963014,0.00014053272843466964,0.00035207954662110834,0.0002220221607550733
2019-06-30,asym_up0.1_down0.5,0.924569760493212,-0.0025305837373536177,0.00017145977618761494,0.000352171219290864,0.00021691386746316836
2019-07-31,asym_up0.1_down0.5,0.9242448802972567,-0.002519430294679587,0.00015218251247525174,0.00036187033435933387,0.00021889063279696968
2019-08-31,asym_up0.1_down0.5,0.9246276308280513,-0.0025225661941600027,0.00017897823763776688,0.00038646244787609294,0.00022597268961522371
2019-09-30,asym_up0.1_down0.5,0.9226374843527366,-0.002569135396101112,0.00026929157155214834,0.0004249755936871051,0.0002900287641083581
2019-10-31,asym_up0.1_down0.5,0.9228505309241377,-0.0025638076824255444,0.0002903122901267999,0.00042495668709738635,0.00029026500168440744
2019-11-30,asym_up0.1_down0.5,0.9244048796760215,-0.002596511510100817,0.0001647742394794055,0.000492153337019813,0.000344301490685811
2019-12-31,asym_up0.1_down0.5,0.9281139913583727,-0.002648497921032995,0.00011897109661222966,0.0005024243469858847,0.0003467872329478148
2020-01-31,asym_up0.1_down0.5,0.9286482256032186,-0.0026503138302944027,0.00012656401956267192,0.00048106481982666685,0.0003297129698872571
2020-02-29,asym_up0.1_down0.5,0.9330494954923362,-0.0026353771581864183,0.00013006165741532056,0.0005966425519157905,0.0003431971376487396
2020-03-31,asym_up0.1_down0.5,0.946714516694413,-0.002649001031437475,7.515201103271808e-05,0.0006557798311938548,0.0003150447992844197
2020-04-30,asym_up0.1_down0.5,0.8726489455608681,-0.003270401864969709,-0.0003503856170228451,0.00021499303154801303,1.6939221134632844e-05
2020-05-31,asym_up0.1_down0.5,0.8873526413827523,-0.003451949479695299,-0.0004988423303918679,0.00015327898705028674,-0.0001535125476338447
2020-06-30,asym_up0.1_down0.5,0.889840418218774,-0.0034968469394079174,-0.00039139184190698927,0.00010876287492809274,-0.0003421985059470123
2020-07-31,asym_up0.1_down0.5,0.8967318902180192,-0.003491561638090893,-0.0003871597554546396,0.0001581077308144955,-0.0004984594148055616
2020-08-31,asym_up0.1_down0.5,0.8977665813308144,-0.0035170523401354486,-0.0003638135768687974,0.00013407942965361266,-0.0004687554514500843
2020-09-30,asym_up0.1_down0.5,0.8994210552144375,-0.0034965346139429736,-0.0002468727482088294,0.00016121439366644213,-0.00047471671350758117
2020-10-31,asym_up0.1_down0.5,0.9054511530070439,-0.0035966336338485467,-0.00011221086695815918,0.00012636359423846269,-0.0002983354983725685
2020-11-30,asym_up0.1_down0.5,0.9157907498608685,-0.0038076301547042765,-5.3849284979793635e-06,5.835721831064624e-05,-0.00048709234725719365
2020-12-31,asym_up0.1_down0.5,0.9208122395717866,-0.0039201277792316035,-2.3483041098228077e-05,2.859791431799978e-05,-0.0005822277200099126
2021-01-31,asym_up0.1_down0.5,0.9233297430626464,-0.0039040716028613735,-0.00017868503167275222,1.7388372412609557e-05,-0.0007699669224227937
2021-02-28,asym_up0.1_down0.5,0.917529069457199,-0.003904683041804237,-0.0001872983910676832,1.4942252938666967e-05,-0.0007560112529259636
2021-03-31,asym_up0.1_down0.5,0.9168979891654438,-0.0039235889270728365,-0.0002268706069301375,-2.3837530746108164e-06,-0.0007137643423257697
2021-04-30,asym_up0.1_down0.5,0.9164774237380556,-0.0039283165309838925,-0.00023392025896668383,-2.101789920853697e-05,-0.0007123031114823291
2021-05-31,asym_up0.1_down0.5,0.9135909631417607,-0.003974595332973651,-0.0002792231869070688,-6.392603113022878e-05,-0.0006411227185066284
2021-06-30,asym_up0.1_down0.5,0.9115330397893643,-0.003985093365976764,-0.0002808777352922492,-7.410139814485392e-05,-0.0006462500577235512
2021-07-31,asym_up0.1_down0.5,0.9125179610171131,-0.003980812402799304,-0.0002842565187003949,-6.632138469197385e-05,-0.0006268406986397784
2021-08-31,asym_up0.1_down0.5,0.9148331320563124,-0.003972554924118918,-0.0004197661725968254,-2.6916498967171493e-05,-0.0006759591023923601
2021-09-30,asym_up0.1_down0.5,0.9164688096821764,-0.0039554374761489415,-0.00037503244113437336,-1.2873636649659258e-05,-0.0006734818805668786
2021-10-31,asym_up0.1_down0.5,0.9181970927330172,-0.00414712751779268,-0.00026312769912889295,-2.181187598086472e-05,-0.0005621926970087463
2021-11-30,asym_up0.1_down0.5,0.9199810654780723,-0.00424562319917271,-8.664388143029807e-05,-0.00010756917426241273,-0.0004052306510818637
2021-12-31,asym_up0.1_down0.5,0.9209752693500096,-0.004255580904880204,-0.00010039617676742035,-0.00010102989638233455,-0.0004272279230224386
2022-01-31,asym_up0.1_down0.5,0.9414073502970223,-0.0045014349343528446,-0.00014239430716233605,-0.00017677562197302658,-0.0002912039574818543
2022-02-28,asym_up0.1_down0.5,0.9408356695929794,-0.004508996321050948,-0.00012502025561618164,-0.0001831472756666083,-0.00024925157374897154
2022-03-31,asym_up0.1_down0.5,0.941042942477454,-0.004525740195437913,-9.42538069592558e-05,-0.00020119342813074712,-0.00026180864489678667
2022-04-30,asym_up0.1_down0.5,0.9454983786989768,-0.00454409614317766,-6.740781294312667e-05,-0.00018537999992720077,-0.00019681091103058686
2022-05-31,asym_up0.1_down0.5,0.9651055335424232,-0.004780962576326738,6.319283607410069e-05,-0.0003001225175507374,-0.0002790712782289309
2022-06-30,asym_up0.1_down0.5,0.9777818315909833,-0.004831784247948538,3.46571845042244e-05,-0.0002453923025331605,-0.00017491748354264691
2022-07-31,asym_up0.1_down0.5,0.9814846725469151,-0.0048994904459451,3.149352029207554e-05,-0.0002857638590461221,-0.0003055714015755993
2022-08-31,asym_up0.1_down0.5,0.981509835928151,-0.004915398393162476,5.130446883824238e-05,-0.00029139562626857764,-0.0003381292630007585
2022-09-30,asym_up0.1_down0.5,0.9768084986397113,-0.0050914458914176714,6.462777634107155e-05,-0.000316016714001346,-0.0001609190725357832
2022-10-31,asym_up0.1_down0.5,0.9772896809837587,-0.005102616236940251,6.5672187114662e-05,-0.0003174111512888049,-0.00016554180767750252
2022-11-30,asym_up0.1_down0.5,0.9774480628642782,-0.005100419550297864,0.00010291189973422269,-0.0003126534238126668,-9.743089965801553e-05
2022-12-31,asym_up0.1_down0.5,0.9865810617202626,-0.0052262848078783565,0.00015853883494401037,-0.0002588097095837477,0.00018989473503083472
2023-01-31,asym_up0.1_down0.5,0.9854311899708245,-0.0052152131984706356,0.00020878815478412227,-0.00025800788388339766,0.00023666391893395608
2023-02-28,asym_up0.1_down0.5,0.984972540044063,-0.005215386977027567,0.0002098179821471112,-0.0002581314446673333,0.00023404862951697993
2023-03-31,asym_up0.1_down0.5,0.9828051905301247,-0.005236068120855973,0.000248141294731356,-0.0002564949082113884,0.00025508727293598044
2023-04-30,asym_up0.1_down0.5,0.9849988726505045,-0.005171835439927514,0.00024704327335809697,2.04125499609362e-06,0.0002230266312188093
2023-05-31,asym_up0.1_down0.5,0.9825964533372704,-0.005137529047867134,0.00023698621379707793,-0.00010274800857236,0.00024097986506977417
2023-06-30,asym_up0.1_down0.5,0.9822693280397571,-0.005139122746528581,0.0002376676501326283,-0.00011240466922504775,0.0002408399342807878
2023-07-31,asym_up0.1_down0.5,0.9807204653647491,-0.005146980787670302,0.0002462567446133825,-0.00014304261439721292,0.00025072460318346836
2023-08-31,asym_up0.1_down0.5,0.9787754167005901,-0.005118416448549512,0.0002322697248013689,-0.0001156264805017627,0.000289276388556468
2023-09-30,asym_up0.1_down0.5,0.9783374447751093,-0.005109033827722516,0.00022950998069342678,-9.394547966919543e-05,0.00032220704489780566
2023-10-31,asym_up0.1_down0.5,0.9784129210747371,-0.005093373080738079,0.00022372253156294078,-0.00012949921466252423,0.00034474367170453206
2023-11-30,asym_up0.1_down0.5,0.9750811623765433,-0.005103926540049403,0.00022849228936921854,-0.0001293128918099214,0.00034944844557024
2023-12-31,asym_up0.1_down0.5,0.970069655352979,-0.005066663594369664,0.0002234497038521169,-0.00013346389337486725,0.00035201563479215874
2024-01-31,asym_up0.1_down0.5,0.969496633327691,-0.00503362475138238,0.00021199880533385117,-0.00018497783893689545,0.00032317345202796145
2024-02-29,asym_up0.1_down0.5,0.9696806389555763,-0.005015414168003085,0.00020523479565835397,-0.0002452171473263465,0.0003680057326547262
2024-03-31,asym_up0.1_down0.5,0.9685359049845103,-0.0049677973611317195,0.00019427774268629752,-0.00019729649713781487,0.00036887546464701906
2024-04-30,asym_up0.1_down0.5,0.9683753456579276,-0.004971683240034789,0.00019837285917373177,-0.00020141941295518046,0.0003797248456659328
2024-05-31,asym_up0.1_down0.5,0.9682038730137006,-0.004962048935712996,0.00019189751521686972,-0.00019245948560334169,0.00037893232489286544
2024-06-30,asym_up0.1_down0.5,0.9689380921637728,-0.0049433778287001524,0.00018650073283762742,-0.0002864899383034419,0.00038491840769399287
2024-07-31,asym_up0.1_down0.5,0.9686344915903412,-0.004947397651153857,0.00019034527765512802,-0.0002915009704826904,0.00038196572817331045
2024-08-31,asym_up0.1_down0.5,0.9695838888155315,-0.004963539143337678,0.0001890738666102343,-0.0002907269300963099,0.0005681323236164729
2024-09-30,asym_up0.1_down0.5,0.9699205255566153,-0.004986405886666709,0.0001902272950667594,-0.0002871437022991027,0.0004836776281681287
2024-10-31,asym_up0.1_down0.5,0.969801820607018,-0.004982044633935906,0.00018318046863856124,-0.0002876495379986201,0.00047357572894911066
2024-11-30,asym_up0.1_down0.5,0.9684004920167973,-0.00500931737745856,0.00020441919025387945,-0.00028218589238220276,0.00040982798993197903
2024-12-31,asym_up0.1_down0.5,0.966180649818273,-0.0049543276241661716,0.00018625418133281363,-0.0002499152851626874,0.00016005116568644073
2025-01-31,asym_up0.1_down0.5,0.9648144384207598,-0.004981924351560627,0.00018158829028612684,-0.00023465902477858968,0.0002168290291728837
2025-02-28,asym_up0.1_down0.5,0.964608919496532,-0.004970709098267358,0.000178416506438814,-0.00021955295712381274,0.00017224611398825116
2025-03-31,asym_up0.1_down0.5,0.9643949206136273,-0.004961686622951359,0.00017261772486938535,-0.0002163444726082887,0.00014500231191112798
2025-04-30,asym_up0.1_down0.5,0.9640701882767804,-0.004928585696030797,0.00014899793276986774,-0.00011667862374496697,8.567100551942243e-05
2025-05-31,asym_up0.1_down0.5,0.9634291391279838,-0.0048572201132734754,0.00010993120960128724,-0.00013089543044500235,3.194473675628088e-05
2025-06-30,asym_up0.1_down0.5,0.9600429470670757,-0.004704597981750712,2.295134311331836e-06,-5.412178160582896e-05,-7.663445540076041e-05
2025-07-31,asym_up0.1_down0.5,0.962778225949296,-0.004725595806473544,0.00010144085578556584,-0.00010894462662140855,-5.4794694918610005e-05
2025-08-31,asym_up0.1_down0.5,0.9639364033272434,-0.0046654535902954306,1.338955945885201e-06,-8.183350625536219e-05,2.5911146888558164e-05
2025-09-30,asym_up0.1_down0.5,0.9724612497382239,-0.0044303761295757145,0.00011850123196238595,-0.00013283178140226703,-0.000168318299181857
2025-10-31,asym_up0.1_down0.5,0.982084293121397,-0.0043218677817186135,5.121489064409813e-05,-2.8611569045892005e-05,-8.135153673079903e-05
2025-11-30,asym_up0.1_down0.5,0.9825569784078119,-0.0043073600296198115,0.00011699148787901398,-7.48926388784185e-05,-6.692579300025337e-05
2025-12-31,asym_up0.1_down0.5,0.9772218494566677,-0.0043371844119625734,0.00015343024055336084,-0.00010860438243172517,-9.726406393300831e-05
2026-01-31,asym_up0.1_down0.5,0.9694368533536939,-0.004727721307434353,0.0003267476235820408,-0.00021350936605044925,-0.00021419952738076188
2026-02-28,asym_up0.1_down0.5,0.9721897128239747,-0.00483778813047401,0.0003727665555437829,-0.00048728026528813096,-0.0003470947911709517
2026-03-31,asym_up0.1_down0.5,0.9711093593546777,-0.0049423202849476575,5.15410710066642e-05,-7.316680864084216e-05,-0.00019424300639000504
2026-04-30,asym_up0.1_down0.5,0.9479243091801606,-0.005537697920786223,0.00029254316142041516,-0.0003879651121203292,-0.0008100368203795227
2026-05-31,asym_up0.1_down0.5,0.9455088908509759,-0.005909399741391964,0.0005424956137858475,-0.0006127081760296726,-0.001206495787795892
2026-06-30,asym_up0.1_down0.5,0.9455204224532248,-0.005910045211155287,0.0005811643881717242,-0.000565310720663877,-0.001229285757519631
2018-07-31,asym_up0.2_down0.3,0.7838568394682225,-0.0022950611317121327,7.809440234701867e-05,0.00040704990558425606,0.0003697448704273628
2018-08-31,asym_up0.2_down0.3,0.7632805025281152,-0.002202132418727911,9.602025159806491e-05,0.0003175575671122673,0.00032852490699361906
2018-09-30,asym_up0.2_down0.3,0.765613894471853,-0.0021169092603879076,0.00012903125009192475,0.0004195282315833513,0.0003246661557232385
2018-10-31,asym_up0.2_down0.3,0.8223263759751427,-0.001539630699754089,3.400540398119673e-06,0.0004246187917461427,0.0001705566286941255
2018-11-30,asym_up0.2_down0.3,0.8257131054436331,-0.0015530425943107936,0.00010654429069863994,0.00030632033417932723,0.00014429762383297518
2018-12-31,asym_up0.2_down0.3,0.8268087928325463,-0.0015526123367749843,8.227898145218046e-05,0.0002884389175113034,0.00013836948011162155
2019-01-31,asym_up0.2_down0.3,0.8503216458563099,-0.0016229294961054262,0.00010785511903166215,0.00010741264343891801,0.00011449507592872038
2019-02-28,asym_up0.2_down0.3,0.852307635705035,-0.001601236145819981,0.00012079019847642731,0.00014685673295836154,0.00012594648816009477
2019-03-31,asym_up0.2_down0.3,0.8480278043461889,-0.0015765861213351113,0.00011140407011551393,0.00011274367653230967,0.00010579362760368278
2019-04-30,asym_up0.2_down0.3,0.8472191562295253,-0.0015688338376258755,0.00011183661821897724,0.00011295417440739929,0.0001001045618220624
2019-05-31,asym_up0.2_down0.3,0.834476286675985,-0.0014886140386134573,7.771657401729824e-05,0.00018023648673271583,0.00012271483805977154
2019-06-30,asym_up0.2_down0.3,0.8385116149889532,-0.001480724085186048,8.943970679226173e-05,0.00017818679781358515,0.00011983444729425245
2019-07-31,asym_up0.2_down0.3,0.8377927960833468,-0.0014747297636171254,7.371923778940544e-05,0.00018599330790545967,0.0001220735880057753
2019-08-31,asym_up0.2_down0.3,0.8396698959462706,-0.001477557027712667,9.982166848301075e-05,0.00020979803032592317,0.00012929382867760846
2019-09-30,asym_up0.2_down0.3,0.8360957658510675,-0.0015255553906918559,0.00019154200505357708,0.0002467546949672594,0.0001941512910989717
2019-10-31,asym_up0.2_down0.3,0.8367112937680198,-0.0015192650864873074,0.0002158867345313769,0.0002468535278975013,0.00019430587827129378
2019-11-30,asym_up0.2_down0.3,0.8375433944628533,-0.0015336291419281397,0.00016002054867386418,0.00027765030394989645,0.0002185301351983551
2019-12-31,asym_up0.2_down0.3,0.8487736726930257,-0.0015662361604433456,0.00011833192663984342,0.00028812188578790853,0.00020273991802304686
2020-01-31,asym_up0.2_down0.3,0.85098250211627,-0.0015654525196547816,0.0001234891367564759,0.0003008831115162959,0.00019483559430372795
2020-02-29,asym_up0.2_down0.3,0.8597328401467176,-0.0015442890776170154,0.00012881376303651773,0.00047172422866292765,0.00021688435235675237
2020-03-31,asym_up0.2_down0.3,0.8945857492228868,-0.0015566519775666906,3.888628731543947e-06,0.0006437250666177988,0.00024396415670900184
2020-04-30,asym_up0.2_down0.3,0.787892263316789,-0.0020940701624212682,-0.00036375337277972167,0.0002638117228337803,-2.0675900607736337e-05
2020-05-31,asym_up0.2_down0.3,0.8108484236565177,-0.002231882489280754,-0.00046520022043920967,0.00021635365334819398,-0.00014694087283683484
2020-06-30,asym_up0.2_down0.3,0.8188175019682846,-0.0022502519204400627,-0.00038334451871991883,0.00020513456201987014,-0.0002915750811626314
2020-07-31,asym_up0.2_down0.3,0.8283596077660983,-0.0022113511019271597,-0.0003428539735014458,0.0002428697205045301,-0.0003734951865868217
2020-08-31,asym_up0.2_down0.3,0.8299017268150315,-0.002232968870596792,-0.000337645089049459,0.0002243318512493756,-0.0003418823720994738
2020-09-30,asym_up0.2_down0.3,0.8315498743605165,-0.0022182941242717244,-0.00024560144559438997,0.00024316151723627832,-0.000339357534085588
2020-10-31,asym_up0.2_down0.3,0.8410917726681835,-0.0022894060777284937,-0.0001262578604510785,0.00022197716955715818,-0.00021255312776261156
2020-11-30,asym_up0.2_down0.3,0.8572489193953187,-0.002474551333199631,-3.790284439556381e-05,0.0001689650437947804,-0.00033942389582930976
2020-12-31,asym_up0.2_down0.3,0.8657670321821196,-0.002586935303373158,-5.267521816127293e-05,0.00013922629631074818,-0.00041848545567556663
2021-01-31,asym_up0.2_down0.3,0.8684073916329039,-0.0025798484081962286,-0.00016597858920882773,0.00012251105420090728,-0.000566011486499347
2021-02-28,asym_up0.2_down0.3,0.8581507686327432,-0.0025789594428709092,-0.00017120942310549353,0.00011475761469112488,-0.0005374432536618709
2021-03-31,asym_up0.2_down0.3,0.8570311678759066,-0.00259725679554875,-0.0002076276859307942,9.762367211220771e-05,-0.000494882656122785
2021-04-30,asym_up0.2_down0.3,0.8557720408106557,-0.002605396346936467,-0.0002152414228470853,7.500487219452281e-05,-0.00048270375692978406
2021-05-31,asym_up0.2_down0.3,0.8510814951612072,-0.0026418584220889965,-0.00025221827583521173,4.104671962147253e-05,-0.00041369500744139315
2021-06-30,asym_up0.2_down0.3,0.84729765843335,-0.0026499458845332014,-0.00026421186186766836,3.101701853834918e-05,-0.00039748751245945933
2021-07-31,asym_up0.2_down0.3,0.8485034553096347,-0.0026437518208025004,-0.000266226840359986,4.194707894692893e-05,-0.00037580613131594647
2021-08-31,asym_up0.2_down0.3,0.8521615797628761,-0.0026381880090073665,-0.0003841918025176094,7.230103125194101e-05,-0.00043539565349705756
2021-09-30,asym_up0.2_down0.3,0.8554596567109496,-0.002632994515514926,-0.0003707083826203576,7.928054919045628e-05,-0.0004334176712998634
2021-10-31,asym_up0.2_down0.3,0.8778243373296488,-0.002869591731214067,-0.0002419648754622331,6.817224532647964e-05,-0.00029768039830670704
2021-11-30,asym_up0.2_down0.3,0.878079468654729,-0.0029573548719129686,-6.176516717051005e-05,-8.127024606204795e-06,-0.0001447217979599323
2021-12-31,asym_up0.2_down0.3,0.8790265797313643,-0.002977021704290508,-9.793415712692436e-05,7.90146544213605e-06,-0.00019969039241986324
2022-01-31,asym_up0.2_down0.3,0.9013106198523886,-0.003149791411104206,-0.0001276766215215113,-4.5292719001905485e-05,-0.00010398748314926869
2022-02-28,asym_up0.2_down0.3,0.9009399612374146,-0.003153198173116081,-0.00012033029980765579,-4.8240251775967004e-05,-8.656111614182687e-05
2022-03-31,asym_up0.2_down0.3,0.9010388519552466,-0.0031668268591793975,-8.218564033618818e-05,-6.290139166652015e-05,-9.867933544369147e-05
2022-04-30,asym_up0.2_down0.3,0.9074604393016822,-0.0031818625601525412,-5.7936794492976585e-05,-4.87831459145085e-05,-4.3257084191062565e-05
2022-05-31,asym_up0.2_down0.3,0.9386213831087341,-0.0033887196152964033,4.823784763208802e-05,-0.00014786496922602685,-0.0001360619892961625
2022-06-30,asym_up0.2_down0.3,0.9555510707644524,-0.0034051239645038135,4.022743574118607e-05,-9.873090249569059e-05,-6.762117375716861e-05
2022-07-31,asym_up0.2_down0.3,0.9614317231482306,-0.0034650951004176708,3.776967300810302e-05,-0.0001345308340365628,-0.00018298163142653294
2022-08-31,asym_up0.2_down0.3,0.961700055750852,-0.003481684024346741,5.402891392546679e-05,-0.00014104829591148407,-0.00021513116412081126
2022-09-30,asym_up0.2_down0.3,0.9649261241052398,-0.0035110250835796476,6.553741399081543e-05,-0.00013793379869043564,-0.00016809510338974668
2022-10-31,asym_up0.2_down0.3,0.9654325160911272,-0.003506337656377654,7.318773891271807e-05,-0.00013414237233846287,-0.0001457886114743462
2022-11-30,asym_up0.2_down0.3,0.9636026357857284,-0.0035060664781058275,0.00014251747049504678,-0.00013211334566003586,-5.3764962025022994e-05
2022-12-31,asym_up0.2_down0.3,0.9745927976726672,-0.0035565276828731745,0.00016495622245773622,-6.0289724289523585e-05,0.00013732029850874075
2023-01-31,asym_up0.2_down0.3,0.9660172538769723,-0.0035354028026139245,0.0002487752541682389,-6.0315250287783576e-05,0.00022674857197323237
2023-02-28,asym_up0.2_down0.3,0.9647670042006682,-0.0035322757543956042,0.0002468529166830514,-6.384158933590628e-05,0.00023274529885016415
2023-03-31,asym_up0.2_down0.3,0.9604063454690075,-0.0034954396944123505,0.00025708217693107683,-0.00024988189798670363,0.0002691545530342453
2023-04-30,asym_up0.2_down0.3,0.96736002854561,-0.0034213501128498207,0.0002552165704048095,5.445261683305509e-05,0.00022891402851002007
2023-05-31,asym_up0.2_down0.3,0.9597099581835499,-0.003380713369728021,0.0002435762265890701,-6.863525808281862e-05,0.00024991571624950835
2023-06-30,asym_up0.2_down0.3,0.9595790624488882,-0.0033908802289651036,0.00024637050022236276,-0.0001569569836066333,0.00025443417298379265
2023-07-31,asym_up0.2_down0.3,0.9592388965941936,-0.003422674915325997,0.00025592360962703106,-0.00017812750837294664,0.0002702872154951579
2023-08-31,asym_up0.2_down0.3,0.9543104144306729,-0.0033964766704454195,0.0002448131452057593,-0.00016493544119305036,0.0003113269499978146
2023-09-30,asym_up0.2_down0.3,0.953307857005847,-0.003387374882349652,0.00024227011970348817,-0.00014330035673822768,0.0003433322270401701
2023-10-31,asym_up0.2_down0.3,0.9518989019663581,-0.0033609300287189025,0.00023407123161402524,-0.00019055370995693568,0.000374035696633464
2023-11-30,asym_up0.2_down0.3,0.9432349451850027,-0.003293619190027922,0.00020314230174344004,-0.00019254503060066796,0.00034333079568673415
2023-12-31,asym_up0.2_down0.3,0.9335525354833808,-0.00312044164387886,0.00014760352342936154,-0.00014768033083784504,0.0002889467237913719
2024-01-31,asym_up0.2_down0.3,0.929658712735469,-0.00303173897850152,0.00011796787357169932,-2.609803000023516e-05,0.0002107459411133882
2024-02-29,asym_up0.2_down0.3,0.9311965449826112,-0.0030222388331605197,0.00011438691701462131,-2.900517776497529e-05,0.0002195293352145202
2024-03-31,asym_up0.2_down0.3,0.9302039785404427,-0.002990046923847952,0.00010696846681769673,3.344632112326851e-06,0.00022011983384534342
2024-04-30,asym_up0.2_down0.3,0.9297554337685993,-0.0029935075733764165,0.00011080236566243567,-2.085309839112352e-06,0.00022987078521993212
2024-05-31,asym_up0.2_down0.3,0.9292516785558893,-0.002984149300232773,0.00010469229650118535,9.24229243495626e-06,0.00022834934573138631
2024-06-30,asym_up0.2_down0.3,0.930930984232453,-0.0029732367424010805,0.00010212197358897847,-4.17778697999931e-05,0.00023088276562866503
2024-07-31,asym_up0.2_down0.3,0.9305240505156243,-0.002976759253070211,0.00010548112536971655,-4.8234677760612145e-05,0.00021757749474133259
2024-08-31,asym_up0.2_down0.3,0.9314360363253668,-0.002996346712305949,0.00010185732267552807,-0.0002373868109246097,0.00039730050929587734
2024-09-30,asym_up0.2_down0.3,0.9307945285343457,-0.003011754561395759,0.00011178381736014366,-0.0002042697697998701,0.00037789106273053734
2024-10-31,asym_up0.2_down0.3,0.9306161616210527,-0.003026538236396774,0.0001296887105898653,-0.00022010678463446273,0.000393775121205957
2024-11-30,asym_up0.2_down0.3,0.928478728346173,-0.003025122070914604,0.00012578935087373996,-0.00019927726240124123,0.00039183349196942035
2024-12-31,asym_up0.2_down0.3,0.9287843462173918,-0.002900384442487837,8.566831247840479e-05,-0.00017851100763621904,5.259508460807262e-05
2025-01-31,asym_up0.2_down0.3,0.9221079662954517,-0.002924864181900273,0.00010562449922715613,-0.00018782012931015959,0.0001979628879079506
2025-02-28,asym_up0.2_down0.3,0.9219081894108023,-0.0029158467334174684,0.00010250061816911209,-0.00017541092053420808,0.00016991495284005183
2025-03-31,asym_up0.2_down0.3,0.9216789599751822,-0.0028894533836012165,8.104884384049765e-05,-0.0001621288881813853,0.00014303441271162464
2025-04-30,asym_up0.2_down0.3,0.9200174634280975,-0.0028689941318673817,7.505126168227494e-05,-8.300789345463337e-05,9.970825115041384e-05
2025-05-31,asym_up0.2_down0.3,0.9180793126776111,-0.002805855234410438,4.077459307862976e-05,-9.584978056758242e-05,4.8666246181917894e-05
2025-06-30,asym_up0.2_down0.3,0.916193456161146,-0.002748632432278804,4.10917090628431e-05,-0.00010260054655111231,5.163446646829634e-07
2025-07-31,asym_up0.2_down0.3,0.9264618322025934,-0.002779330938210875,0.0001500953552673424,-0.00013313245242595867,7.947953999021956e-05
2025-08-31,asym_up0.2_down0.3,0.9270905223275685,-0.0027744199645212586,0.0001296398798632213,-0.00013043297985589888,7.271294658633921e-05
2025-09-30,asym_up0.2_down0.3,0.926560852290149,-0.0026841754836752145,0.0002109301750024895,-0.00016788858562410882,-1.0239570407499874e-06
2025-10-31,asym_up0.2_down0.3,0.9432250111283502,-0.00284651056360965,0.00028028817847886,-0.0002609852990847648,8.187570841021951e-05
2025-11-30,asym_up0.2_down0.3,0.9417946701103527,-0.0028449588094940476,0.0002583787722370294,-0.00012134765834382016,0.00010312602721957017
2025-12-31,asym_up0.2_down0.3,0.9268208766987315,-0.0029524453413463246,0.0002719804220108731,-0.00019504932420448193,0.00011291849543881979
2026-01-31,asym_up0.2_down0.3,0.936146088038763,-0.003324174186410796,0.0003578444476900832,-0.00029601930847714575,-3.340977670065223e-05
2026-02-28,asym_up0.2_down0.3,0.9433991099208603,-0.003443502553245707,0.0004045068381568485,-0.0005929114199051452,-0.00017488390968594227
2026-03-31,asym_up0.2_down0.3,0.9352934611820821,-0.0035858821750535804,1.0597037308710422e-05,-4.4959238866788126e-05,2.9102082808319264e-05
2026-04-30,asym_up0.2_down0.3,0.9022555784976206,-0.004199174394618111,0.0002585525565534922,-0.0003698095543677748,-0.0006040512186872709
2026-05-31,asym_up0.2_down0.3,0.9063864172716487,-0.004576168692426312,0.0005346133134991801,-0.0005764513560608665,-0.0010270461831763836
2026-06-30,asym_up0.2_down0.3,0.9065941174590335,-0.00457708890165445,0.000572506611318001,-0.0005353550038817274,-0.0010522011244367318
